,Open,High,Low,close
1612137600000,1.21225,1.21239,1.21201,1.21216
1612138500000,1.21217,1.21279,1.21217,1.21279
1612139400000,1.21281,1.21281,1.21214,1.21231
1612140300000,1.21232,1.21299,1.21232,1.21297
1612141200000,1.21296,1.21342,1.2127,1.21288
1612142100000,1.21287,1.21363,1.21281,1.2135
1612143000000,1.21351,1.21357,1.21273,1.21289
1612143900000,1.21289,1.21313,1.21256,1.21271
1612144800000,1.21272,1.21289,1.21255,1.21287
1612145700000,1.21285,1.21295,1.21266,1.21278
1612146600000,1.21275,1.21291,1.21246,1.21274
1612147500000,1.21274,1.21276,1.21256,1.2127
1612148400000,1.2127,1.21273,1.21258,1.2126
1612149300000,1.21261,1.21293,1.2126,1.21286
1612150200000,1.21286,1.21317,1.21286,1.21312
1612151100000,1.21312,1.21315,1.21287,1.21295
1612152000000,1.21295,1.21329,1.21291,1.21322
1612152900000,1.21322,1.21327,1.21301,1.21306
1612153800000,1.21306,1.21316,1.21288,1.21302
1612154700000,1.21301,1.21311,1.21273,1.21275
1612155600000,1.21276,1.21293,1.21276,1.21285
1612156500000,1.21284,1.21288,1.2126,1.21268
1612157400000,1.21267,1.21286,1.21258,1.21265
1612158300000,1.21266,1.21323,1.21265,1.21299
1612159200000,1.21299,1.21326,1.21282,1.21321
1612160100000,1.2132,1.21321,1.21302,1.21306
1612161000000,1.21306,1.21306,1.21277,1.21291
1612161900000,1.21291,1.21297,1.21278,1.21292
1612162800000,1.21293,1.21308,1.21216,1.21221
1612163700000,1.2122,1.21269,1.21218,1.21249
1612164600000,1.21248,1.21289,1.21236,1.21274
1612165500000,1.21273,1.21293,1.21239,1.21283
1612166400000,1.21283,1.21302,1.21178,1.21294
1612167300000,1.21294,1.21307,1.21127,1.21128
1612168200000,1.21132,1.21163,1.21081,1.21084
1612169100000,1.21085,1.21096,1.20881,1.20888
1612170000000,1.20888,1.20957,1.20835,1.20922
1612170900000,1.20924,1.21017,1.20916,1.21011
1612171800000,1.2101,1.21042,1.20979,1.2099
1612172700000,1.20988,1.21004,1.20914,1.20936
1612173600000,1.20936,1.2094,1.20878,1.20881
1612174500000,1.20881,1.20889,1.2083,1.20883
1612175400000,1.20882,1.20882,1.20693,1.20747
1612176300000,1.20746,1.20821,1.20723,1.20797
1612177200000,1.20797,1.20821,1.2077,1.20806
1612178100000,1.20804,1.20813,1.2075,1.20807
1612179000000,1.20806,1.2082,1.20725,1.20794
1612179900000,1.20793,1.20842,1.20756,1.20816
1612180800000,1.20816,1.20882,1.20816,1.20877
1612181700000,1.20876,1.20886,1.20802,1.20823
1612182600000,1.20824,1.20862,1.20817,1.2085
1612183500000,1.2085,1.20857,1.20721,1.20755
1612184400000,1.20755,1.20845,1.20729,1.20842
1612185300000,1.20842,1.20884,1.20795,1.20815
1612186200000,1.20816,1.20855,1.20793,1.20837
1612187100000,1.20835,1.20928,1.20834,1.20848
1612188000000,1.20848,1.20924,1.20835,1.2091
1612188900000,1.20912,1.20988,1.20899,1.20985
1612189800000,1.20986,1.20994,1.20931,1.20966
1612190700000,1.20966,1.20969,1.20865,1.20869
1612191600000,1.20867,1.20956,1.20867,1.20918
1612192500000,1.20919,1.20976,1.20914,1.20941
1612193400000,1.20942,1.20983,1.20885,1.20904
1612194300000,1.20904,1.20929,1.20798,1.20845
1612195200000,1.20845,1.20845,1.20769,1.20771
1612196100000,1.20772,1.20871,1.20748,1.20812
1612197000000,1.20812,1.20819,1.20748,1.2078
1612197900000,1.2078,1.20797,1.20682,1.20685
1612198800000,1.20685,1.20701,1.20625,1.20627
1612199700000,1.20626,1.20675,1.20625,1.20632
1612200600000,1.20632,1.20697,1.20631,1.20667
1612201500000,1.20667,1.20698,1.20647,1.20696
1612202400000,1.20696,1.20708,1.20615,1.20707
1612203300000,1.20706,1.20782,1.207,1.20731
1612204200000,1.20733,1.20746,1.20645,1.20688
1612205100000,1.20688,1.20692,1.20647,1.20676
1612206000000,1.20676,1.20731,1.20665,1.20721
1612206900000,1.20723,1.20757,1.20717,1.20756
1612207800000,1.20757,1.20771,1.20727,1.20732
1612208700000,1.20731,1.20743,1.20654,1.20664
1612209600000,1.20662,1.2071,1.2065,1.20664
1612210500000,1.20664,1.2068,1.2062,1.20625
1612211400000,1.20626,1.20652,1.20578,1.20592
1612212300000,1.20592,1.20625,1.2056,1.20565
1612213200000,1.20564,1.20605,1.20564,1.20588
1612214100000,1.2059,1.20592,1.2056,1.20581
1612215000000,1.20582,1.20617,1.20582,1.20586
1612215900000,1.20587,1.20612,1.20585,1.20594
1612216800000,1.20594,1.20631,1.20593,1.20618
1612217700000,1.20621,1.20621,1.20593,1.20611
1612218600000,1.20596,1.20628,1.20596,1.20625
1612219500000,1.20625,1.20637,1.20607,1.20618
1612220400000,1.20619,1.20631,1.20612,1.20624
1612221300000,1.20623,1.20679,1.20621,1.20674
1612222200000,1.20674,1.20679,1.20649,1.20673
1612223100000,1.20672,1.20684,1.20663,1.20676
1612224000000,1.20676,1.2068,1.20624,1.20637
1612224900000,1.20635,1.20662,1.20629,1.20641
1612225800000,1.2064,1.2068,1.2063,1.20668
1612226700000,1.20668,1.20685,1.20622,1.20679
1612227600000,1.20678,1.20718,1.20671,1.2071
1612228500000,1.20708,1.20753,1.20707,1.20748
1612229400000,1.20749,1.20806,1.2073,1.20805
1612230300000,1.20806,1.20861,1.20768,1.20838
1612231200000,1.20839,1.20877,1.20827,1.20828
1612232100000,1.20829,1.20842,1.2082,1.20832
1612233000000,1.20833,1.20856,1.20817,1.20823
1612233900000,1.20822,1.20852,1.2082,1.20833
1612234800000,1.20833,1.20843,1.2081,1.20813
1612235700000,1.20814,1.20845,1.20813,1.2083
1612236600000,1.2083,1.20843,1.20796,1.20812
1612237500000,1.20811,1.20845,1.20809,1.20816
1612238400000,1.20817,1.20822,1.20799,1.2081
1612239300000,1.20811,1.20828,1.20801,1.20813
1612240200000,1.20813,1.20821,1.20777,1.20778
1612241100000,1.20779,1.20786,1.2075,1.20756
1612242000000,1.20755,1.20777,1.20749,1.20765
1612242900000,1.20766,1.2077,1.20749,1.20753
1612243800000,1.20751,1.20778,1.20747,1.20747
1612244700000,1.20748,1.20793,1.20745,1.20791
1612245600000,1.2079,1.20795,1.20733,1.20746
1612246500000,1.20745,1.20747,1.20699,1.20701
1612247400000,1.20703,1.20707,1.20659,1.20702
1612248300000,1.20704,1.20718,1.20694,1.20708
1612249200000,1.20707,1.20714,1.20657,1.20672
1612250100000,1.20672,1.2068,1.2064,1.20652
1612251000000,1.20651,1.2076,1.20651,1.20716
1612251900000,1.20717,1.20745,1.20641,1.20686
1612252800000,1.20686,1.20748,1.20672,1.20706
1612253700000,1.20705,1.2083,1.20704,1.2076
1612254600000,1.20762,1.20869,1.20762,1.20813
1612255500000,1.20816,1.20871,1.2075,1.20866
1612256400000,1.20866,1.20866,1.20786,1.20824
1612257300000,1.20824,1.20825,1.20744,1.20776
1612258200000,1.20776,1.2079,1.20654,1.20682
1612259100000,1.20683,1.20697,1.20639,1.20668
1612260000000,1.20669,1.20696,1.20614,1.20615
1612260900000,1.20614,1.20622,1.20363,1.20376
1612261800000,1.20375,1.2042,1.2032,1.20404
1612262700000,1.20404,1.20417,1.20332,1.20352
1612263600000,1.20352,1.20406,1.20341,1.20346
1612264500000,1.20344,1.20379,1.20315,1.20323
1612265400000,1.20322,1.20346,1.20263,1.20336
1612266300000,1.20335,1.20336,1.20267,1.20277
1612267200000,1.20278,1.20347,1.20261,1.20337
1612268100000,1.20334,1.20382,1.20322,1.20367
1612269000000,1.20369,1.20387,1.20309,1.20325
1612269900000,1.20324,1.20399,1.20294,1.20386
1612270800000,1.20387,1.20443,1.20346,1.20437
1612271700000,1.20438,1.20466,1.20396,1.2043
1612272600000,1.2043,1.20431,1.2035,1.20385
1612273500000,1.20386,1.20497,1.20356,1.20481
1612274400000,1.2048,1.20492,1.20407,1.20414
1612275300000,1.20415,1.20449,1.20398,1.20445
1612276200000,1.20445,1.20446,1.20264,1.20287
1612277100000,1.20287,1.20312,1.20202,1.20231
1612278000000,1.20234,1.20338,1.20233,1.20286
1612278900000,1.20286,1.20335,1.20252,1.20301
1612279800000,1.20299,1.20317,1.20212,1.20247
1612280700000,1.20248,1.20297,1.20207,1.20273
1612281600000,1.20273,1.20326,1.20262,1.20306
1612282500000,1.20307,1.20326,1.20254,1.20293
1612283400000,1.20293,1.203,1.20246,1.20259
1612284300000,1.20259,1.20259,1.20186,1.2019
1612285200000,1.20188,1.20254,1.20169,1.20241
1612286100000,1.2024,1.20242,1.20132,1.20175
1612287000000,1.20172,1.20186,1.20115,1.20137
1612287900000,1.20137,1.20195,1.20128,1.20188
1612288800000,1.20189,1.20247,1.20188,1.20216
1612289700000,1.20216,1.20224,1.2018,1.20203
1612290600000,1.20203,1.20233,1.202,1.20211
1612291500000,1.20212,1.20227,1.20175,1.20179
1612292400000,1.2018,1.20204,1.20172,1.20189
1612293300000,1.20191,1.20232,1.20183,1.20226
1612294200000,1.20226,1.20255,1.20221,1.20229
1612295100000,1.20228,1.20233,1.20195,1.20199
1612296000000,1.20198,1.20216,1.20171,1.2019
1612296900000,1.20189,1.20198,1.20175,1.20182
1612297800000,1.20181,1.20272,1.20174,1.20269
1612298700000,1.20267,1.20402,1.20263,1.20368
1612299600000,1.20367,1.20401,1.20341,1.20387
1612300500000,1.20386,1.20437,1.20369,1.2037
1612301400000,1.20372,1.20429,1.2037,1.20416
1612302300000,1.20419,1.20458,1.20411,1.20428
1612303200000,1.20423,1.20447,1.20416,1.20447
1612304100000,1.20446,1.20447,1.20426,1.20439
1612305000000,1.20442,1.20443,1.20436,1.20437
1612305900000,1.20436,1.20448,1.20431,1.20431
1612306800000,1.20436,1.20441,1.20422,1.20432
1612307700000,1.20433,1.20441,1.20408,1.20436
1612308600000,1.20436,1.20438,1.20394,1.20409
1612309500000,1.20412,1.20427,1.20361,1.20365
1612310400000,1.20365,1.20394,1.20357,1.20372
1612311300000,1.20374,1.2039,1.20363,1.20387
1612312200000,1.20388,1.20432,1.20372,1.20428
1612313100000,1.20429,1.2046,1.20418,1.20442
1612314000000,1.20441,1.20488,1.20418,1.20477
1612314900000,1.20479,1.205,1.20457,1.20467
1612315800000,1.20469,1.20469,1.20429,1.20439
1612316700000,1.20438,1.20479,1.20431,1.20468
1612317600000,1.20469,1.20476,1.20451,1.20468
1612318500000,1.20467,1.20472,1.20447,1.20472
1612319400000,1.20472,1.20479,1.20461,1.20468
1612320300000,1.2047,1.20479,1.20445,1.20463
1612321200000,1.20465,1.20465,1.20436,1.20443
1612322100000,1.20444,1.20479,1.20444,1.20458
1612323000000,1.20457,1.20457,1.20425,1.20433
1612323900000,1.20434,1.20448,1.20416,1.20417
1612324800000,1.20419,1.20436,1.20407,1.20428
1612325700000,1.20429,1.2043,1.20403,1.20423
1612326600000,1.20422,1.20423,1.20392,1.20407
1612327500000,1.20408,1.20434,1.20408,1.20432
1612328400000,1.20434,1.20454,1.20433,1.20453
1612329300000,1.20452,1.20456,1.20436,1.20444
1612330200000,1.20445,1.20446,1.20421,1.20429
1612331100000,1.20429,1.2044,1.20414,1.20439
1612332000000,1.20439,1.20441,1.20373,1.20382
1612332900000,1.20385,1.20406,1.2038,1.20404
1612333800000,1.20406,1.20414,1.20363,1.20364
1612334700000,1.20364,1.20377,1.20347,1.20377
1612335600000,1.20374,1.20404,1.20304,1.20371
1612336500000,1.20373,1.20386,1.20326,1.20339
1612337400000,1.20341,1.20351,1.20291,1.20315
1612338300000,1.20316,1.20376,1.20276,1.20374
1612339200000,1.20374,1.20423,1.2033,1.20396
1612340100000,1.20397,1.20407,1.20313,1.20388
1612341000000,1.20387,1.20407,1.2036,1.20374
1612341900000,1.20376,1.20397,1.20309,1.20312
1612342800000,1.20314,1.20315,1.20095,1.20176
1612343700000,1.20174,1.20246,1.20159,1.20222
1612344600000,1.20222,1.20316,1.20221,1.20272
1612345500000,1.20271,1.20297,1.20204,1.20227
1612346400000,1.20231,1.20303,1.20169,1.20185
1612347300000,1.20186,1.20203,1.2012,1.20173
1612348200000,1.20173,1.2021,1.20143,1.20204
1612349100000,1.20202,1.2022,1.20171,1.2021
1612350000000,1.20209,1.20239,1.20176,1.20232
1612350900000,1.20231,1.20242,1.20214,1.2023
1612351800000,1.20232,1.20239,1.20212,1.20222
1612352700000,1.20221,1.20221,1.20161,1.20162
1612353600000,1.20161,1.20178,1.20081,1.20137
1612354500000,1.2014,1.20164,1.20049,1.20159
1612355400000,1.20159,1.20229,1.20142,1.20183
1612356300000,1.2018,1.20208,1.20094,1.20105
1612357200000,1.20106,1.20171,1.20082,1.2017
1612358100000,1.20168,1.20203,1.20109,1.20138
1612359000000,1.20137,1.20191,1.20092,1.20144
1612359900000,1.20143,1.20233,1.20137,1.2017
1612360800000,1.20167,1.20292,1.20155,1.20229
1612361700000,1.20227,1.20267,1.20218,1.20244
1612362600000,1.20245,1.20325,1.20241,1.20269
1612363500000,1.20268,1.20291,1.20246,1.20265
1612364400000,1.20265,1.20298,1.20202,1.20217
1612365300000,1.20218,1.20252,1.20111,1.20115
1612366200000,1.20115,1.20141,1.20082,1.20101
1612367100000,1.20101,1.20156,1.2004,1.20105
1612368000000,1.20106,1.20213,1.20106,1.20202
1612368900000,1.20201,1.20244,1.20182,1.20227
1612369800000,1.20228,1.20265,1.20197,1.2023
1612370700000,1.20232,1.20257,1.2022,1.20236
1612371600000,1.20238,1.20276,1.20231,1.20247
1612372500000,1.20248,1.20264,1.20236,1.20255
1612373400000,1.20255,1.20291,1.20227,1.20289
1612374300000,1.2029,1.20307,1.20266,1.20266
1612375200000,1.20268,1.20281,1.20235,1.20235
1612376100000,1.20236,1.20246,1.20211,1.2023
1612377000000,1.2023,1.20258,1.20222,1.20251
1612377900000,1.20251,1.20272,1.20239,1.20272
1612378800000,1.20273,1.20288,1.20262,1.20264
1612379700000,1.20264,1.2028,1.20258,1.20262
1612380600000,1.20264,1.20285,1.20263,1.20273
1612381500000,1.20273,1.20281,1.20254,1.20254
1612382400000,1.20256,1.20274,1.2024,1.20253
1612383300000,1.20253,1.20281,1.20251,1.20271
1612384200000,1.20271,1.20358,1.20271,1.20337
1612385100000,1.20336,1.20362,1.20311,1.20331
1612386000000,1.20332,1.20362,1.20321,1.20351
1612386900000,1.20352,1.20367,1.20348,1.20351
1612387800000,1.20351,1.20367,1.20345,1.20356
1612388700000,1.20356,1.20373,1.20347,1.20351
1612389600000,1.20349,1.2036,1.2032,1.20351
1612390500000,1.20351,1.20355,1.20307,1.20307
1612391400000,1.20305,1.20349,1.20301,1.20333
1612392300000,1.2034,1.20349,1.20328,1.20328
1612393200000,1.20331,1.20418,1.20331,1.20383
1612394100000,1.20385,1.20409,1.20373,1.20391
1612395000000,1.20392,1.20404,1.20378,1.20397
1612395900000,1.20396,1.20414,1.2038,1.20412
1612396800000,1.20413,1.20424,1.20377,1.20423
1612397700000,1.20421,1.20427,1.204,1.20405
1612398600000,1.20406,1.20408,1.20376,1.20394
1612399500000,1.20394,1.20404,1.20349,1.20359
1612400400000,1.20359,1.20386,1.20355,1.20363
1612401300000,1.20363,1.20388,1.20349,1.20363
1612402200000,1.20364,1.20383,1.20338,1.20343
1612403100000,1.20345,1.20375,1.20333,1.20348
1612404000000,1.20349,1.20383,1.20342,1.20379
1612404900000,1.20381,1.20381,1.20337,1.20354
1612405800000,1.20353,1.20354,1.20327,1.20333
1612406700000,1.20333,1.20348,1.20312,1.20322
1612407600000,1.20323,1.20333,1.20284,1.2029
1612408500000,1.20292,1.20294,1.20213,1.20235
1612409400000,1.20233,1.20241,1.20183,1.20184
1612410300000,1.20184,1.20218,1.20165,1.20184
1612411200000,1.20183,1.20205,1.20173,1.20197
1612412100000,1.20197,1.20203,1.20183,1.20198
1612413000000,1.20199,1.20207,1.20179,1.20183
1612413900000,1.20182,1.20201,1.20157,1.20197
1612414800000,1.20196,1.20196,1.20131,1.20148
1612415700000,1.20147,1.20169,1.20132,1.20144
1612416600000,1.20143,1.20169,1.20125,1.20152
1612417500000,1.20151,1.20173,1.20138,1.20169
1612418400000,1.20169,1.20169,1.20115,1.20116
1612419300000,1.20116,1.20129,1.2007,1.20106
1612420200000,1.20106,1.20146,1.20104,1.20143
1612421100000,1.20143,1.20144,1.20099,1.20113
1612422000000,1.20113,1.20132,1.20019,1.20028
1612422900000,1.20027,1.20102,1.20027,1.20063
1612423800000,1.20063,1.20098,1.19996,1.20078
1612424700000,1.20078,1.20091,1.20023,1.20081
1612425600000,1.2008,1.20136,1.19923,1.20081
1612426500000,1.20081,1.20104,1.19936,1.19966
1612427400000,1.19964,1.20056,1.19962,1.19975
1612428300000,1.19975,1.19989,1.19911,1.19931
1612429200000,1.19931,1.19931,1.19848,1.19888
1612430100000,1.19888,1.19913,1.1983,1.19904
1612431000000,1.19903,1.19931,1.19849,1.19918
1612431900000,1.19918,1.19959,1.19856,1.19857
1612432800000,1.19856,1.19907,1.19835,1.19874
1612433700000,1.19874,1.19934,1.19864,1.19934
1612434600000,1.19933,1.19969,1.19907,1.19919
1612435500000,1.19921,1.19949,1.19856,1.19876
1612436400000,1.19876,1.19895,1.19836,1.19882
1612437300000,1.19882,1.19938,1.19862,1.19924
1612438200000,1.19923,1.1996,1.19897,1.19903
1612439100000,1.19902,1.1995,1.19871,1.19875
1612440000000,1.19876,1.19942,1.19863,1.19896
1612440900000,1.19897,1.1992,1.19828,1.19861
1612441800000,1.19862,1.19898,1.19846,1.19895
1612442700000,1.19894,1.1994,1.19877,1.19928
1612443600000,1.19929,1.19979,1.19928,1.19954
1612444500000,1.19955,1.19973,1.19918,1.19934
1612445400000,1.19938,1.19956,1.19855,1.1986
1612446300000,1.19858,1.19888,1.19834,1.19838
1612447200000,1.19839,1.19875,1.19828,1.19831
1612448100000,1.1983,1.19892,1.19811,1.19866
1612449000000,1.19868,1.1988,1.19765,1.19777
1612449900000,1.19776,1.19822,1.19759,1.19808
1612450800000,1.19808,1.19843,1.19761,1.19769
1612451700000,1.1977,1.19774,1.19685,1.19695
1612452600000,1.19695,1.1974,1.19666,1.19707
1612453500000,1.19708,1.19795,1.19665,1.19786
1612454400000,1.19785,1.19796,1.19725,1.19736
1612455300000,1.19736,1.19779,1.19729,1.19756
1612456200000,1.19755,1.19765,1.19724,1.19727
1612457100000,1.19726,1.19746,1.19719,1.19742
1612458000000,1.19742,1.19742,1.19675,1.1969
1612458900000,1.19691,1.19696,1.19599,1.19607
1612459800000,1.19606,1.1965,1.19574,1.19643
1612460700000,1.1964,1.19647,1.19589,1.19603
1612461600000,1.19602,1.19636,1.19587,1.19633
1612462500000,1.19634,1.19665,1.19619,1.19665
1612463400000,1.19665,1.19668,1.19643,1.19645
1612464300000,1.19644,1.19645,1.19605,1.19629
1612465200000,1.1963,1.19663,1.19603,1.19607
1612466100000,1.19605,1.19618,1.19581,1.19594
1612467000000,1.19595,1.19639,1.19575,1.19636
1612467900000,1.19638,1.1968,1.19633,1.19659
1612468800000,1.19659,1.19677,1.19644,1.19645
1612469700000,1.19647,1.19661,1.19638,1.1965
1612470600000,1.19652,1.19661,1.19636,1.19654
1612471500000,1.19655,1.19671,1.19637,1.19658
1612472400000,1.1966,1.19678,1.19637,1.19654
1612473300000,1.19653,1.19666,1.19637,1.19638
1612474200000,1.19639,1.19643,1.19609,1.19621
1612475100000,1.19619,1.1963,1.19602,1.1962
1612476000000,1.19618,1.19662,1.19607,1.1965
1612476900000,1.19651,1.19665,1.19626,1.19632
1612477800000,1.19633,1.19634,1.19587,1.19634
1612478700000,1.19635,1.19647,1.19629,1.19647
1612479600000,1.19645,1.19671,1.19627,1.19664
1612480500000,1.19663,1.19682,1.1966,1.19668
1612481400000,1.19667,1.19688,1.19663,1.19679
1612482300000,1.19678,1.19678,1.19643,1.19662
1612483200000,1.19659,1.1967,1.19631,1.19641
1612484100000,1.19641,1.19681,1.19634,1.19671
1612485000000,1.19668,1.19718,1.19667,1.19683
1612485900000,1.19684,1.19696,1.19667,1.19688
1612486800000,1.19686,1.19689,1.19621,1.19649
1612487700000,1.19649,1.19673,1.19639,1.19671
1612488600000,1.19673,1.19692,1.19661,1.19687
1612489500000,1.19685,1.19685,1.19644,1.19658
1612490400000,1.19659,1.1968,1.19635,1.19648
1612491300000,1.19648,1.19662,1.19621,1.19627
1612492200000,1.19625,1.19631,1.19555,1.1956
1612493100000,1.1956,1.19571,1.19534,1.19541
1612494000000,1.19541,1.19556,1.19522,1.19546
1612494900000,1.19547,1.19563,1.19537,1.19563
1612495800000,1.19562,1.19573,1.19542,1.1955
1612496700000,1.19549,1.19568,1.19545,1.19545
1612497600000,1.19544,1.19569,1.19544,1.19568
1612498500000,1.19568,1.19571,1.19555,1.19563
1612499400000,1.19563,1.19563,1.19536,1.19548
1612500300000,1.19548,1.19563,1.19546,1.1956
1612501200000,1.19561,1.19567,1.19552,1.19565
1612502100000,1.19564,1.19571,1.19553,1.1957
1612503000000,1.19572,1.19617,1.1957,1.19598
1612503900000,1.19598,1.19631,1.19592,1.19628
1612504800000,1.1963,1.19637,1.19594,1.19598
1612505700000,1.196,1.19637,1.19598,1.19635
1612506600000,1.19635,1.19654,1.19632,1.19645
1612507500000,1.19644,1.19662,1.19625,1.19654
1612508400000,1.19653,1.19667,1.19638,1.19654
1612509300000,1.19653,1.19654,1.1961,1.19612
1612510200000,1.19611,1.19653,1.19595,1.19629
1612511100000,1.19628,1.19655,1.19618,1.19632
1612512000000,1.19634,1.19827,1.19634,1.1982
1612512900000,1.19819,1.19821,1.19752,1.19762
1612513800000,1.19761,1.1981,1.19754,1.19787
1612514700000,1.1979,1.19874,1.19753,1.19842
1612515600000,1.19842,1.19878,1.19828,1.19839
1612516500000,1.19839,1.19841,1.19792,1.198
1612517400000,1.19801,1.19827,1.19778,1.19783
1612518300000,1.19783,1.19805,1.19763,1.19767
1612519200000,1.19766,1.19828,1.19764,1.19797
1612520100000,1.198,1.19813,1.1975,1.19752
1612521000000,1.19752,1.19794,1.19741,1.19777
1612521900000,1.19778,1.19778,1.19737,1.19737
1612522800000,1.19737,1.19745,1.19686,1.19721
1612523700000,1.19722,1.19778,1.19721,1.19748
1612524600000,1.19748,1.19788,1.19723,1.1978
1612525500000,1.1978,1.19815,1.19775,1.19798
1612526400000,1.19798,1.19831,1.19772,1.19791
1612527300000,1.1979,1.19894,1.1979,1.19891
1612528200000,1.19894,1.1993,1.19856,1.19865
1612529100000,1.19865,1.19923,1.19856,1.19894
1612530000000,1.19894,1.19895,1.1981,1.19821
1612530900000,1.19822,1.19855,1.19817,1.1984
1612531800000,1.19843,1.20052,1.1984,1.20011
1612532700000,1.2001,1.20238,1.20009,1.20039
1612533600000,1.20038,1.20143,1.20006,1.2005
1612534500000,1.20048,1.20185,1.20023,1.2016
1612535400000,1.20159,1.20199,1.2012,1.20175
1612536300000,1.20173,1.20224,1.2016,1.20213
1612537200000,1.20212,1.20338,1.20178,1.20247
1612538100000,1.20246,1.20256,1.20197,1.20202
1612539000000,1.20201,1.20302,1.20192,1.20223
1612539900000,1.20222,1.20275,1.20182,1.20237
1612540800000,1.20239,1.20319,1.20239,1.20306
1612541700000,1.20307,1.2031,1.20247,1.20256
1612542600000,1.20256,1.20379,1.20247,1.20374
1612543500000,1.20373,1.20401,1.20337,1.20347
1612544400000,1.20346,1.20401,1.20334,1.20392
1612545300000,1.20392,1.20417,1.20376,1.20398
1612546200000,1.20399,1.20403,1.20334,1.2035
1612547100000,1.2035,1.20386,1.20344,1.20378
1612548000000,1.20377,1.2041,1.20371,1.20399
1612548900000,1.204,1.2044,1.20399,1.20421
1612549800000,1.20421,1.20461,1.2042,1.20456
1612550700000,1.20455,1.20475,1.20417,1.20424
1612551600000,1.20425,1.2044,1.20422,1.20425
1612552500000,1.20424,1.20425,1.20391,1.20415
1612553400000,1.20415,1.20422,1.20393,1.20411
1612554300000,1.20407,1.20438,1.20394,1.20426
1612555200000,1.20426,1.20441,1.20405,1.20433
1612556100000,1.20432,1.20459,1.20425,1.20458
1612557000000,1.20458,1.20467,1.20445,1.20456
1612557900000,1.20458,1.20496,1.2045,1.20489
1612558800000,1.20489,1.20498,1.20469,1.20471
1612559700000,1.20471,1.20484,1.20461,1.20463
1612560600000,1.20464,1.20481,1.20459,1.20479
1612561500000,1.20486,1.20498,1.20472,1.20481
1612562400000,1.20481,1.20481,1.20481,1.20481
1612563300000,1.20481,1.20481,1.20481,1.20481
1612564200000,1.20481,1.20481,1.20481,1.20481
1612565100000,1.20481,1.20481,1.20481,1.20481
1612566000000,1.20481,1.20481,1.20481,1.20481
1612566900000,1.20481,1.20481,1.20481,1.20481
1612567800000,1.20481,1.20481,1.20481,1.20481
1612568700000,1.20481,1.20481,1.20481,1.20481
1612742400000,1.20484,1.20525,1.20467,1.20479
1612743300000,1.2048,1.20493,1.20433,1.20433
1612744200000,1.20432,1.20439,1.20356,1.20382
1612745100000,1.20383,1.20389,1.20304,1.20322
1612746000000,1.20325,1.20363,1.20296,1.20312
1612746900000,1.20312,1.20349,1.2031,1.20316
1612747800000,1.20317,1.20352,1.203,1.20331
1612748700000,1.20332,1.20384,1.20327,1.20382
1612749600000,1.20382,1.20382,1.20312,1.20335
1612750500000,1.20335,1.2034,1.20318,1.20329
1612751400000,1.2033,1.20365,1.20328,1.20343
1612752300000,1.20343,1.20372,1.20328,1.20362
1612753200000,1.2036,1.2038,1.20349,1.2038
1612754100000,1.20382,1.2039,1.20368,1.20372
1612755000000,1.20372,1.20383,1.20367,1.20374
1612755900000,1.20373,1.20382,1.20358,1.20382
1612756800000,1.20382,1.20398,1.20371,1.20391
1612757700000,1.20392,1.20392,1.2037,1.20371
1612758600000,1.2037,1.20371,1.20354,1.20362
1612759500000,1.2036,1.20368,1.20342,1.20345
1612760400000,1.20346,1.2041,1.20346,1.20395
1612761300000,1.20394,1.20426,1.20394,1.2042
1612762200000,1.20422,1.20423,1.20386,1.20389
1612763100000,1.20391,1.20397,1.20365,1.20365
1612764000000,1.20366,1.20398,1.20365,1.20375
1612764900000,1.20375,1.20388,1.20342,1.20345
1612765800000,1.20344,1.20364,1.20332,1.20343
1612766700000,1.20343,1.20394,1.2034,1.2039
1612767600000,1.20389,1.20394,1.2032,1.20348
1612768500000,1.20347,1.2038,1.2032,1.20379
1612769400000,1.20379,1.20472,1.20353,1.20457
1612770300000,1.20457,1.20486,1.20393,1.20407
1612771200000,1.20406,1.20476,1.20393,1.20466
1612772100000,1.20468,1.20473,1.20289,1.20306
1612773000000,1.20307,1.20355,1.20291,1.20306
1612773900000,1.20306,1.20321,1.20252,1.20307
1612774800000,1.20308,1.20351,1.20291,1.20306
1612775700000,1.20305,1.20309,1.20247,1.20267
1612776600000,1.20266,1.20292,1.20239,1.20292
1612777500000,1.20292,1.20306,1.20271,1.2028
1612778400000,1.20279,1.20305,1.20231,1.20244
1612779300000,1.20246,1.20268,1.20235,1.20267
1612780200000,1.20266,1.20286,1.20231,1.20271
1612781100000,1.20272,1.20347,1.20272,1.20322
1612782000000,1.20322,1.20346,1.20291,1.20341
1612782900000,1.2034,1.20346,1.20303,1.20324
1612783800000,1.20324,1.20391,1.20307,1.20355
1612784700000,1.20355,1.20357,1.20295,1.20295
1612785600000,1.20297,1.20305,1.20268,1.20303
1612786500000,1.20303,1.20323,1.20229,1.2023
1612787400000,1.2023,1.20275,1.20196,1.20205
1612788300000,1.20204,1.20298,1.20203,1.20262
1612789200000,1.20265,1.20297,1.20222,1.20249
1612790100000,1.20248,1.20259,1.20213,1.20225
1612791000000,1.20224,1.20369,1.202,1.20365
1612791900000,1.20363,1.2044,1.20336,1.20376
1612792800000,1.20374,1.20457,1.20371,1.2044
1612793700000,1.20439,1.20462,1.20419,1.20457
1612794600000,1.20457,1.20637,1.20452,1.20606
1612795500000,1.20606,1.2063,1.20536,1.20563
1612796400000,1.20564,1.2066,1.20545,1.20566
1612797300000,1.20564,1.20622,1.20555,1.20592
1612798200000,1.2059,1.20607,1.20531,1.20567
1612799100000,1.20566,1.20572,1.20463,1.20465
1612800000000,1.20466,1.20519,1.20449,1.20463
1612800900000,1.20464,1.20465,1.20331,1.20392
1612801800000,1.20392,1.20401,1.20353,1.20371
1612802700000,1.20371,1.20455,1.20365,1.20446
1612803600000,1.20445,1.20489,1.20426,1.20475
1612804500000,1.20475,1.20493,1.20452,1.20468
1612805400000,1.20466,1.20511,1.2046,1.20511
1612806300000,1.20511,1.20514,1.20422,1.2047
1612807200000,1.20467,1.20483,1.20437,1.2048
1612808100000,1.20479,1.20491,1.20461,1.20484
1612809000000,1.20482,1.2051,1.20468,1.20498
1612809900000,1.20497,1.20506,1.20484,1.20499
1612810800000,1.205,1.20514,1.20487,1.20509
1612811700000,1.20511,1.20529,1.20487,1.2052
1612812600000,1.20516,1.20536,1.20505,1.20526
1612813500000,1.20528,1.20572,1.20523,1.20553
1612814400000,1.20552,1.20559,1.20515,1.20559
1612815300000,1.20558,1.20567,1.20542,1.20548
1612816200000,1.20548,1.20575,1.20542,1.20548
1612817100000,1.20548,1.20554,1.20501,1.20518
1612818000000,1.20518,1.20518,1.2049,1.20497
1612818900000,1.20496,1.20506,1.2049,1.2049
1612819800000,1.20491,1.20501,1.20484,1.20493
1612820700000,1.20494,1.2052,1.20482,1.20482
1612821600000,1.20482,1.2052,1.20469,1.20513
1612822500000,1.20519,1.20524,1.20489,1.20509
1612823400000,1.20509,1.20516,1.205,1.205
1612824300000,1.205,1.20517,1.205,1.20517
1612825200000,1.20514,1.20523,1.20495,1.20501
1612826100000,1.205,1.20503,1.20471,1.20476
1612827000000,1.20478,1.2051,1.20477,1.20505
1612827900000,1.20505,1.20535,1.20502,1.20522
1613001600000,1.21189,1.21199,1.21179,1.21179
1613002500000,1.21178,1.21185,1.21159,1.21172
1613003400000,1.21174,1.21177,1.21135,1.21143
1613004300000,1.21143,1.21154,1.21134,1.2114
1613005200000,1.21141,1.21157,1.21141,1.21145
1613006100000,1.21145,1.21155,1.21138,1.21152
1613007000000,1.21151,1.21176,1.2114,1.21146
1613007900000,1.21145,1.21175,1.21142,1.21172
1613008800000,1.21171,1.21195,1.21168,1.21195
1613009700000,1.21195,1.21195,1.21174,1.21174
1613010600000,1.21174,1.21192,1.2117,1.21191
1613011500000,1.21191,1.21206,1.2119,1.212
1613012400000,1.21202,1.2122,1.2119,1.21193
1613013300000,1.21192,1.21197,1.21179,1.21196
1613014200000,1.21193,1.21202,1.21179,1.21196
1613015100000,1.21198,1.21218,1.21186,1.21207
1613016000000,1.21208,1.2125,1.21208,1.21245
1613016900000,1.21245,1.21247,1.21231,1.21234
1613017800000,1.21234,1.21239,1.21223,1.21226
1613018700000,1.21226,1.2123,1.21215,1.21215
1613019600000,1.21215,1.21238,1.21215,1.21225
1613020500000,1.21225,1.21266,1.21225,1.21257
1613021400000,1.21259,1.21271,1.21257,1.21266
1613022300000,1.21266,1.21276,1.21256,1.21263
1613023200000,1.21263,1.21291,1.2126,1.21275
1613024100000,1.21275,1.21281,1.21261,1.21264
1613025000000,1.21264,1.21284,1.21264,1.21278
1613025900000,1.21279,1.21299,1.21276,1.21294
1613026800000,1.21294,1.21327,1.21266,1.21282
1613027700000,1.21281,1.21312,1.21269,1.21303
1613028600000,1.21302,1.21302,1.21248,1.21265
1613029500000,1.21266,1.21292,1.21215,1.21233
1613030400000,1.21231,1.21262,1.21196,1.21196
1613031300000,1.21201,1.21237,1.21179,1.21227
1613032200000,1.21228,1.21257,1.21209,1.21242
1613033100000,1.21242,1.21253,1.21197,1.21233
1613034000000,1.21231,1.21317,1.21219,1.21307
1613034900000,1.21308,1.21359,1.21292,1.21342
1613035800000,1.21341,1.21342,1.21253,1.21273
1613036700000,1.21273,1.21316,1.21272,1.21301
1613037600000,1.21302,1.21304,1.21232,1.21248
1613038500000,1.21246,1.21289,1.21239,1.21265
1613039400000,1.21265,1.21293,1.21254,1.21284
1613040300000,1.21284,1.21288,1.21236,1.21236
1613041200000,1.21238,1.21242,1.21208,1.21216
1613042100000,1.21215,1.21271,1.21212,1.21266
1613043000000,1.21266,1.21298,1.21262,1.21294
1613043900000,1.21296,1.21311,1.21266,1.21271
1613044800000,1.21271,1.21318,1.21269,1.21292
1613045700000,1.21292,1.21309,1.21277,1.21303
1613046600000,1.21305,1.21327,1.21295,1.21311
1613047500000,1.2131,1.2135,1.21299,1.2135
1613048400000,1.21351,1.21494,1.21338,1.2147
1613049300000,1.21468,1.2147,1.21439,1.2146
1613050200000,1.2146,1.21484,1.21413,1.21425
1613051100000,1.21426,1.21473,1.21409,1.21436
1613052000000,1.21436,1.21442,1.21345,1.21371
1613052900000,1.21371,1.21384,1.21315,1.21355
1613053800000,1.21355,1.21447,1.21351,1.21431
1613054700000,1.21435,1.21448,1.2132,1.21348
1613055600000,1.21349,1.21408,1.21344,1.21396
1613056500000,1.21394,1.21428,1.21364,1.21387
1613057400000,1.21388,1.21432,1.2136,1.21382
1613058300000,1.21384,1.21401,1.21278,1.21294
1613059200000,1.21296,1.21327,1.21273,1.21299
1613060100000,1.21299,1.213,1.21275,1.21287
1613061000000,1.21288,1.21292,1.21214,1.21274
1613061900000,1.21274,1.21274,1.21243,1.21262
1613062800000,1.21261,1.21279,1.21247,1.21267
1613063700000,1.21269,1.21272,1.21217,1.21221
1613064600000,1.21223,1.21286,1.21219,1.21276
1613065500000,1.21276,1.21292,1.21249,1.2127
1613066400000,1.21271,1.21297,1.21232,1.21294
1613067300000,1.21293,1.2133,1.21272,1.21311
1613068200000,1.21311,1.21324,1.21258,1.21267
1613069100000,1.21267,1.2131,1.21267,1.21309
1613070000000,1.21307,1.21314,1.21266,1.2127
1613070900000,1.21271,1.21314,1.21264,1.2131
1613071800000,1.2131,1.2131,1.21267,1.21303
1613072700000,1.213,1.21316,1.21296,1.21308
1613073600000,1.21307,1.21339,1.21295,1.21336
1613074500000,1.21336,1.21348,1.21324,1.21347
1613075400000,1.21347,1.21367,1.21332,1.21357
1613076300000,1.21358,1.21373,1.21323,1.21324
1613077200000,1.21325,1.21326,1.21302,1.2132
1613078100000,1.21322,1.21325,1.21306,1.21321
1613079000000,1.21322,1.21329,1.21316,1.21321
1613079900000,1.21321,1.2133,1.21276,1.21303
1613080800000,1.21303,1.21332,1.21285,1.21332
1613081700000,1.21335,1.21349,1.21302,1.21318
1613082600000,1.21317,1.21335,1.21308,1.21323
1613083500000,1.21321,1.2135,1.21312,1.21322
1613084400000,1.21323,1.21328,1.21296,1.21301
1613085300000,1.21302,1.2131,1.21276,1.21285
1613086200000,1.21287,1.21299,1.21276,1.21295
1613087100000,1.21296,1.21311,1.21295,1.21304
1613088000000,1.21306,1.21332,1.21294,1.21324
1613088900000,1.21324,1.21329,1.21316,1.21324
1613089800000,1.21322,1.21331,1.21308,1.21323
1613090700000,1.21323,1.21324,1.21247,1.21287
1613091600000,1.21287,1.21301,1.21272,1.21276
1613092500000,1.21277,1.21297,1.21266,1.21292
1613093400000,1.21292,1.21296,1.21274,1.21284
1613094300000,1.21283,1.21283,1.2125,1.21271
1613095200000,1.21269,1.21269,1.21228,1.21247
1613096100000,1.21244,1.21244,1.21216,1.21235
1613097000000,1.21234,1.21239,1.2122,1.21223
1613097900000,1.21224,1.21234,1.21185,1.21197
1613098800000,1.21196,1.21212,1.21191,1.21201
1613099700000,1.212,1.21205,1.21188,1.212
1613100600000,1.21199,1.21207,1.21195,1.21206
1613101500000,1.21206,1.21213,1.2119,1.21191
1613102400000,1.21192,1.21227,1.21191,1.21218
1613103300000,1.21217,1.21229,1.21217,1.2122
1613104200000,1.21219,1.21235,1.21219,1.21227
1613105100000,1.21226,1.21237,1.2122,1.21224
1613106000000,1.21225,1.21227,1.21219,1.21227
1613106900000,1.2123,1.21253,1.2123,1.21243
1613107800000,1.21244,1.21258,1.21238,1.21254
1613108700000,1.21252,1.21316,1.2125,1.21313
1613109600000,1.21313,1.21313,1.21259,1.21268
1613110500000,1.21266,1.21277,1.2126,1.21266
1613111400000,1.21267,1.21277,1.21243,1.21259
1613112300000,1.21258,1.2126,1.21237,1.21254
1613113200000,1.21254,1.21269,1.21213,1.2124
1613114100000,1.21239,1.21251,1.21225,1.21238
1613115000000,1.21239,1.21264,1.2122,1.21262
1613115900000,1.2126,1.21263,1.21123,1.21152
1613116800000,1.21153,1.21188,1.21103,1.21123
1613117700000,1.21121,1.21123,1.21058,1.21084
1613118600000,1.21084,1.21122,1.21079,1.21094
1613119500000,1.21096,1.21096,1.21024,1.21029
1613120400000,1.21031,1.21087,1.21005,1.21053
1613121300000,1.21052,1.21114,1.21002,1.21113
1613122200000,1.21115,1.21115,1.21036,1.21046
1613123100000,1.21046,1.21083,1.2102,1.21081
1613124000000,1.21081,1.21085,1.21044,1.21074
1613124900000,1.21076,1.21118,1.21072,1.21074
1613125800000,1.21074,1.21138,1.21066,1.21079
1613126700000,1.2108,1.21093,1.21051,1.21088
1613127600000,1.21088,1.2109,1.2101,1.21046
1613128500000,1.21045,1.21045,1.20967,1.21005
1613129400000,1.21003,1.21048,1.20998,1.21048
1613130300000,1.21049,1.21084,1.21047,1.2107
1613131200000,1.21068,1.21083,1.21058,1.21068
1613132100000,1.21069,1.21095,1.21026,1.21095
1613133000000,1.21094,1.21148,1.21085,1.21133
1613133900000,1.21132,1.21136,1.21104,1.21125
1613134800000,1.21125,1.21145,1.21076,1.21077
1613135700000,1.21078,1.2108,1.20939,1.20943
1613136600000,1.2094,1.20944,1.2085,1.20898
1613137500000,1.20898,1.20903,1.20841,1.20871
1613138400000,1.20873,1.20923,1.20853,1.20873
1613139300000,1.20875,1.20895,1.20815,1.2089
1613140200000,1.20891,1.20937,1.20856,1.20933
1613141100000,1.20934,1.20962,1.20913,1.20921
1613142000000,1.20919,1.20987,1.20916,1.20922
1613142900000,1.20925,1.21012,1.20918,1.21003
1613143800000,1.21002,1.21056,1.20983,1.21052
1613144700000,1.2105,1.21206,1.21042,1.21193
1613145600000,1.21194,1.21281,1.2115,1.21231
1613146500000,1.21232,1.21264,1.21187,1.21199
1613147400000,1.21201,1.21249,1.21198,1.21227
1613148300000,1.21228,1.21282,1.21224,1.21249
1613149200000,1.2125,1.21282,1.21241,1.21244
1613150100000,1.21243,1.21287,1.21242,1.2128
1613151000000,1.21281,1.21282,1.21247,1.21257
1613151900000,1.21257,1.21263,1.2123,1.21232
1613152800000,1.21231,1.21262,1.21211,1.21211
1613153700000,1.21212,1.21223,1.2119,1.21215
1613154600000,1.21215,1.2123,1.21199,1.21208
1613155500000,1.21206,1.21221,1.21196,1.21213
1613156400000,1.21214,1.21234,1.21206,1.21206
1613157300000,1.21202,1.21211,1.21197,1.21197
1613158200000,1.21195,1.21207,1.21169,1.21171
1613159100000,1.21174,1.21188,1.21155,1.21156
1613160000000,1.21156,1.21162,1.21135,1.21135
1613160900000,1.21135,1.21148,1.21132,1.21146
1613161800000,1.21147,1.21164,1.21131,1.21162
1613162700000,1.21162,1.21189,1.2116,1.21183
1613163600000,1.21183,1.21199,1.21169,1.21199
1613164500000,1.21199,1.21208,1.21191,1.21191
1613165400000,1.21191,1.2121,1.21186,1.21188
1613166300000,1.21189,1.21199,1.21177,1.21177
1613167200000,1.21177,1.21177,1.21177,1.21177
1613168100000,1.21177,1.21177,1.21177,1.21177
1613169000000,1.21177,1.21177,1.21177,1.21177
1613169900000,1.21177,1.21177,1.21177,1.21177
1613170800000,1.21177,1.21177,1.21177,1.21177
1613171700000,1.21177,1.21177,1.21177,1.21177
1613172600000,1.21177,1.21177,1.21177,1.21177
1613173500000,1.21177,1.21177,1.21177,1.21177
1613174400000,1.21177,1.21177,1.21177,1.21177
1613175300000,1.21177,1.21177,1.21177,1.21177
1613176200000,1.21177,1.21177,1.21177,1.21177
1613177100000,1.21177,1.21177,1.21177,1.21177
1613178000000,1.21177,1.21177,1.21177,1.21177
1613178900000,1.21177,1.21177,1.21177,1.21177
1613179800000,1.21177,1.21177,1.21177,1.21177
1613180700000,1.21177,1.21177,1.21177,1.21177
1613181600000,1.21177,1.21177,1.21177,1.21177
1613182500000,1.21177,1.21177,1.21177,1.21177
1613183400000,1.21177,1.21177,1.21177,1.21177
1613184300000,1.21177,1.21177,1.21177,1.21177
1613185200000,1.21177,1.21177,1.21177,1.21177
1613186100000,1.21177,1.21177,1.21177,1.21177
1613187000000,1.21177,1.21177,1.21177,1.21177
1613187900000,1.21177,1.21177,1.21177,1.21177
1613188800000,1.21177,1.21177,1.21177,1.21177
1613189700000,1.21177,1.21177,1.21177,1.21177
1613190600000,1.21177,1.21177,1.21177,1.21177
1613191500000,1.21177,1.21177,1.21177,1.21177
1613192400000,1.21177,1.21177,1.21177,1.21177
1613193300000,1.21177,1.21177,1.21177,1.21177
1613194200000,1.21177,1.21177,1.21177,1.21177
1613195100000,1.21177,1.21177,1.21177,1.21177
1613196000000,1.21177,1.21177,1.21177,1.21177
1613196900000,1.21177,1.21177,1.21177,1.21177
1613197800000,1.21177,1.21177,1.21177,1.21177
1613198700000,1.21177,1.21177,1.21177,1.21177
1613199600000,1.21177,1.21177,1.21177,1.21177
1613200500000,1.21177,1.21177,1.21177,1.21177
1613201400000,1.21177,1.21177,1.21177,1.21177
1613202300000,1.21177,1.21177,1.21177,1.21177
1613203200000,1.21177,1.21177,1.21177,1.21177
1613204100000,1.21177,1.21177,1.21177,1.21177
1613205000000,1.21177,1.21177,1.21177,1.21177
1613205900000,1.21177,1.21177,1.21177,1.21177
1613206800000,1.21177,1.21177,1.21177,1.21177
1613207700000,1.21177,1.21177,1.21177,1.21177
1613208600000,1.21177,1.21177,1.21177,1.21177
1613209500000,1.21177,1.21177,1.21177,1.21177
1613210400000,1.21177,1.21177,1.21177,1.21177
1613211300000,1.21177,1.21177,1.21177,1.21177
1613212200000,1.21177,1.21177,1.21177,1.21177
1613213100000,1.21177,1.21177,1.21177,1.21177
1613214000000,1.21177,1.21177,1.21177,1.21177
1613214900000,1.21177,1.21177,1.21177,1.21177
1613215800000,1.21177,1.21177,1.21177,1.21177
1613216700000,1.21177,1.21177,1.21177,1.21177
1613217600000,1.21177,1.21177,1.21177,1.21177
1613218500000,1.21177,1.21177,1.21177,1.21177
1613219400000,1.21177,1.21177,1.21177,1.21177
1613220300000,1.21177,1.21177,1.21177,1.21177
1613221200000,1.21177,1.21177,1.21177,1.21177
1613222100000,1.21177,1.21177,1.21177,1.21177
1613223000000,1.21177,1.21177,1.21177,1.21177
1613223900000,1.21177,1.21177,1.21177,1.21177
1613224800000,1.21177,1.21177,1.21177,1.21177
1613225700000,1.21177,1.21177,1.21177,1.21177
1613226600000,1.21177,1.21177,1.21177,1.21177
1613227500000,1.21177,1.21177,1.21177,1.21177
1613228400000,1.21177,1.21177,1.21177,1.21177
1613229300000,1.21177,1.21177,1.21177,1.21177
1613230200000,1.21177,1.21177,1.21177,1.21177
1613231100000,1.21177,1.21177,1.21177,1.21177
1613232000000,1.21177,1.21177,1.21177,1.21177
1613232900000,1.21177,1.21177,1.21177,1.21177
1613233800000,1.21177,1.21177,1.21177,1.21177
1613234700000,1.21177,1.21177,1.21177,1.21177
1613235600000,1.21177,1.21177,1.21177,1.21177
1613236500000,1.21177,1.21177,1.21177,1.21177
1613237400000,1.21177,1.21177,1.21177,1.21177
1613238300000,1.21177,1.21177,1.21177,1.21177
1613239200000,1.21177,1.21177,1.21177,1.21177
1613240100000,1.21177,1.21177,1.21177,1.21177
1613241000000,1.21177,1.21177,1.21177,1.21177
1613241900000,1.21177,1.21177,1.21177,1.21177
1613242800000,1.21177,1.21177,1.21177,1.21177
1613243700000,1.21177,1.21177,1.21177,1.21177
1613244600000,1.21177,1.21177,1.21177,1.21177
1613245500000,1.21177,1.21177,1.21177,1.21177
1613246400000,1.21177,1.21177,1.21177,1.21177
1613247300000,1.21177,1.21177,1.21177,1.21177
1613248200000,1.21177,1.21177,1.21177,1.21177
1613249100000,1.21177,1.21177,1.21177,1.21177
1613250000000,1.21177,1.21177,1.21177,1.21177
1613250900000,1.21177,1.21177,1.21177,1.21177
1613251800000,1.21177,1.21177,1.21177,1.21177
1613252700000,1.21177,1.21177,1.21177,1.21177
1613253600000,1.21177,1.21177,1.21177,1.21177
1613254500000,1.21177,1.21177,1.21177,1.21177
1613255400000,1.21177,1.21177,1.21177,1.21177
1613256300000,1.21177,1.21177,1.21177,1.21177
1613257200000,1.21177,1.21177,1.21177,1.21177
1613258100000,1.21177,1.21177,1.21177,1.21177
1613259000000,1.21177,1.21177,1.21177,1.21177
1613259900000,1.21177,1.21177,1.21177,1.21177
1613260800000,1.21177,1.21177,1.21177,1.21177
1613261700000,1.21177,1.21177,1.21177,1.21177
1613262600000,1.21177,1.21177,1.21177,1.21177
1613263500000,1.21177,1.21177,1.21177,1.21177
1613264400000,1.21177,1.21177,1.21177,1.21177
1613265300000,1.21177,1.21177,1.21177,1.21177
1613266200000,1.21177,1.21177,1.21177,1.21177
1613267100000,1.21177,1.21177,1.21177,1.21177
1613268000000,1.21177,1.21177,1.21177,1.21177
1613268900000,1.21177,1.21177,1.21177,1.21177
1613269800000,1.21177,1.21177,1.21177,1.21177
1613270700000,1.21177,1.21177,1.21177,1.21177
1613271600000,1.21177,1.21177,1.21177,1.21177
1613272500000,1.21177,1.21177,1.21177,1.21177
1613273400000,1.21177,1.21177,1.21177,1.21177
1613274300000,1.21177,1.21177,1.21177,1.21177
1613275200000,1.21177,1.21177,1.21177,1.21177
1613276100000,1.21177,1.21177,1.21177,1.21177
1613277000000,1.21177,1.21177,1.21177,1.21177
1613277900000,1.21177,1.21177,1.21177,1.21177
1613278800000,1.21177,1.21177,1.21177,1.21177
1613279700000,1.21177,1.21177,1.21177,1.21177
1613280600000,1.21177,1.21177,1.21177,1.21177
1613281500000,1.21177,1.21177,1.21177,1.21177
1613282400000,1.21177,1.21177,1.21177,1.21177
1613283300000,1.21177,1.21177,1.21177,1.21177
1613284200000,1.21177,1.21177,1.21177,1.21177
1613285100000,1.21177,1.21177,1.21177,1.21177
1613286000000,1.21177,1.21177,1.21177,1.21177
1613286900000,1.21177,1.21177,1.21177,1.21177
1613287800000,1.21177,1.21177,1.21177,1.21177
1613288700000,1.21177,1.21177,1.21177,1.21177
1613289600000,1.21177,1.21177,1.21177,1.21177
1613290500000,1.21177,1.21177,1.21177,1.21177
1613291400000,1.21177,1.21177,1.21177,1.21177
1613292300000,1.21177,1.21177,1.21177,1.21177
1613293200000,1.21177,1.21177,1.21177,1.21177
1613294100000,1.21177,1.21177,1.21177,1.21177
1613295000000,1.21177,1.21177,1.21177,1.21177
1613295900000,1.21177,1.21177,1.21177,1.21177
1613296800000,1.21177,1.21177,1.21177,1.21177
1613297700000,1.21177,1.21177,1.21177,1.21177
1613298600000,1.21177,1.21177,1.21177,1.21177
1613299500000,1.21177,1.21177,1.21177,1.21177
1613300400000,1.21177,1.21177,1.21177,1.21177
1613301300000,1.21177,1.21177,1.21177,1.21177
1613302200000,1.21177,1.21177,1.21177,1.21177
1613303100000,1.21177,1.21177,1.21177,1.21177
1613304000000,1.21177,1.21177,1.21177,1.21177
1613304900000,1.21177,1.21177,1.21177,1.21177
1613305800000,1.21177,1.21177,1.21177,1.21177
1613306700000,1.21177,1.21177,1.21177,1.21177
1613307600000,1.21177,1.21177,1.21177,1.21177
1613308500000,1.21177,1.21177,1.21177,1.21177
1613309400000,1.21177,1.21177,1.21177,1.21177
1613310300000,1.21177,1.21177,1.21177,1.21177
1613311200000,1.21177,1.21177,1.21177,1.21177
1613312100000,1.21177,1.21177,1.21177,1.21177
1613313000000,1.21177,1.21177,1.21177,1.21177
1613313900000,1.21177,1.21177,1.21177,1.21177
1613314800000,1.21177,1.21177,1.21177,1.21177
1613315700000,1.21177,1.21177,1.21177,1.21177
1613316600000,1.21177,1.21177,1.21177,1.21177
1613317500000,1.21177,1.21177,1.21177,1.21177
1613318400000,1.21177,1.21177,1.21177,1.21177
1613319300000,1.21177,1.21177,1.21177,1.21177
1613320200000,1.21177,1.21177,1.21177,1.21177
1613321100000,1.21177,1.21177,1.21177,1.21177
1613322000000,1.21177,1.21177,1.21177,1.21177
1613322900000,1.21177,1.21177,1.21177,1.21177
1613323800000,1.21177,1.21177,1.21177,1.21177
1613324700000,1.21177,1.21177,1.21177,1.21177
1613325600000,1.21177,1.21177,1.21177,1.21177
1613326500000,1.21177,1.21177,1.21177,1.21177
1613327400000,1.21177,1.21177,1.21177,1.21177
1613328300000,1.21177,1.21177,1.21177,1.21177
1613329200000,1.21177,1.21177,1.21177,1.21177
1613330100000,1.21177,1.21177,1.21177,1.21177
1613331000000,1.21177,1.21177,1.21177,1.21177
1613331900000,1.21177,1.21177,1.21177,1.21177
1613332800000,1.21177,1.21177,1.21177,1.21177
1613333700000,1.21177,1.21177,1.21177,1.21177
1613334600000,1.21177,1.21177,1.21177,1.21177
1613335500000,1.21177,1.21177,1.21177,1.21177
1613336400000,1.21177,1.21177,1.21177,1.21177
1613337300000,1.21177,1.21177,1.21177,1.21177
1613338200000,1.21177,1.21177,1.21177,1.21177
1613339100000,1.21177,1.21177,1.21177,1.21177
1613340000000,1.21244,1.21248,1.21215,1.21217
1613340900000,1.21218,1.21218,1.21191,1.21207
1613341800000,1.21207,1.21237,1.21207,1.21215
1613342700000,1.21219,1.21237,1.21215,1.21231
1613343600000,1.2123,1.21249,1.21222,1.21246
1613344500000,1.21247,1.21251,1.21222,1.21227
1613345400000,1.21227,1.21227,1.21207,1.21216
1613346300000,1.21217,1.21219,1.21202,1.21204
1613347200000,1.21206,1.21207,1.21167,1.21178
1613348100000,1.21179,1.21228,1.21176,1.21225
1613349000000,1.21223,1.21232,1.21214,1.2122
1613349900000,1.2122,1.21229,1.21208,1.2121
1613350800000,1.2121,1.21225,1.21174,1.21189
1613351700000,1.2119,1.21223,1.21184,1.21221
1613352600000,1.21221,1.21279,1.21218,1.21258
1613353500000,1.21259,1.21284,1.21249,1.21267
1613354400000,1.21266,1.21293,1.21255,1.21269
1613355300000,1.2127,1.21329,1.21269,1.21298
1613356200000,1.21298,1.21313,1.21287,1.21291
1613357100000,1.21292,1.21326,1.21292,1.21325
1613358000000,1.21325,1.21336,1.21298,1.21335
1613358900000,1.21334,1.2135,1.2133,1.21347
1613359800000,1.21345,1.2135,1.21324,1.2134
1613360700000,1.2134,1.21376,1.2134,1.2134
1613361600000,1.21341,1.21368,1.21337,1.21349
1613362500000,1.2135,1.21357,1.21321,1.21322
1613363400000,1.21324,1.21331,1.21318,1.21318
1613364300000,1.21317,1.21323,1.21311,1.21321
1613365200000,1.2132,1.21363,1.2132,1.21343
1613366100000,1.21341,1.21387,1.21338,1.21384
1613367000000,1.21383,1.21397,1.21377,1.21394
1613367900000,1.21394,1.21402,1.21377,1.21379
1613368800000,1.21378,1.21404,1.21372,1.21398
1613369700000,1.21398,1.214,1.21386,1.21394
1613370600000,1.21394,1.21399,1.21372,1.21373
1613371500000,1.21373,1.21376,1.21343,1.21346
1613372400000,1.21348,1.21375,1.21337,1.21348
1613373300000,1.21351,1.21378,1.21339,1.21369
1613374200000,1.21368,1.21369,1.21308,1.21318
1613375100000,1.21317,1.21369,1.21307,1.2133
1613376000000,1.21329,1.2145,1.21309,1.21441
1613376900000,1.21442,1.21451,1.21366,1.21374
1613377800000,1.21374,1.21413,1.21336,1.21357
1613378700000,1.21357,1.21414,1.21346,1.21397
1613379600000,1.21398,1.21408,1.21329,1.21391
1613380500000,1.2139,1.21412,1.21372,1.21409
1613381400000,1.21409,1.21446,1.21371,1.21424
1613382300000,1.21424,1.21447,1.21341,1.21345
1613383200000,1.21344,1.21375,1.21326,1.21337
1613384100000,1.21338,1.21364,1.21311,1.2132
1613385000000,1.21321,1.21349,1.21315,1.21326
1613385900000,1.21327,1.21338,1.21311,1.21335
1613386800000,1.21335,1.21353,1.21296,1.21345
1613387700000,1.21346,1.2139,1.21346,1.21379
1613388600000,1.21382,1.21403,1.21355,1.21369
1613389500000,1.21371,1.21383,1.21305,1.21327
1613390400000,1.21326,1.21328,1.21245,1.2125
1613391300000,1.21248,1.21288,1.21238,1.21285
1613392200000,1.21284,1.21324,1.21279,1.2131
1613393100000,1.21309,1.21334,1.21302,1.21302
1613394000000,1.21303,1.21306,1.2126,1.21285
1613394900000,1.21286,1.21335,1.21283,1.21326
1613395800000,1.21324,1.21329,1.21277,1.21299
1613396700000,1.213,1.213,1.21253,1.21267
1613397600000,1.21268,1.21277,1.21207,1.21241
1613398500000,1.21242,1.21267,1.21228,1.21247
1613399400000,1.21246,1.21272,1.21227,1.21252
1613400300000,1.21252,1.21255,1.21228,1.21239
1613401200000,1.21239,1.21267,1.21232,1.21243
1613402100000,1.21242,1.21284,1.2123,1.21231
1613403000000,1.21228,1.21275,1.21228,1.21273
1613403900000,1.21274,1.21324,1.21267,1.21314
1613404800000,1.21314,1.21323,1.21267,1.21308
1613405700000,1.21308,1.21347,1.21302,1.21318
1613406600000,1.21317,1.21318,1.21277,1.21314
1613407500000,1.21313,1.21374,1.2131,1.21367
1613408400000,1.21366,1.21381,1.21354,1.21362
1613409300000,1.21362,1.21365,1.21326,1.2136
1613410200000,1.2136,1.21361,1.21326,1.2133
1613411100000,1.21332,1.21333,1.21297,1.21309
1613412000000,1.2131,1.21337,1.21299,1.21336
1613412900000,1.21335,1.21347,1.21331,1.21331
1613413800000,1.21332,1.21344,1.21332,1.21337
1613414700000,1.21336,1.21337,1.21294,1.21311
1613415600000,1.21311,1.2132,1.21305,1.21317
1613416500000,1.21316,1.21318,1.21303,1.21311
1613417400000,1.21311,1.21321,1.21298,1.21304
1613418300000,1.21305,1.21315,1.21296,1.21305
1613419200000,1.21306,1.21309,1.21304,1.21307
1613420100000,1.21307,1.21314,1.21302,1.21307
1613421000000,1.21307,1.21316,1.21306,1.21312
1613421900000,1.21312,1.21313,1.21301,1.21306
1613422800000,1.21311,1.21342,1.21307,1.21327
1613423700000,1.21326,1.21336,1.21297,1.21307
1613424600000,1.21307,1.21311,1.21289,1.21289
1613425500000,1.21289,1.2129,1.21257,1.21274
1613426400000,1.21269,1.21314,1.21269,1.21287
1613427300000,1.21309,1.21309,1.21274,1.21277
1613428200000,1.21277,1.21283,1.21248,1.21282
1613429100000,1.21281,1.21304,1.21263,1.21284
1613430000000,1.21293,1.21301,1.21268,1.21298
1613430900000,1.21297,1.21298,1.21272,1.21287
1613431800000,1.21287,1.21308,1.21285,1.21303
1613432700000,1.21303,1.21327,1.21303,1.2132
1613779200000,1.21167,1.21167,1.21167,1.21167
1613780100000,1.21167,1.21167,1.21167,1.21167
1613781000000,1.21167,1.21167,1.21167,1.21167
1613781900000,1.21167,1.21167,1.21167,1.21167
1613782800000,1.21167,1.21167,1.21167,1.21167
1613783700000,1.21167,1.21167,1.21167,1.21167
1613784600000,1.21167,1.21167,1.21167,1.21167
1613785500000,1.21167,1.21167,1.21167,1.21167
1613786400000,1.21167,1.21167,1.21167,1.21167
1613787300000,1.21167,1.21167,1.21167,1.21167
1613788200000,1.21167,1.21167,1.21167,1.21167
1613789100000,1.21167,1.21167,1.21167,1.21167
1613790000000,1.21167,1.21167,1.21167,1.21167
1613790900000,1.21167,1.21167,1.21167,1.21167
1613791800000,1.21167,1.21167,1.21167,1.21167
1613792700000,1.21167,1.21167,1.21167,1.21167
1613793600000,1.21167,1.21167,1.21167,1.21167
1613794500000,1.21167,1.21167,1.21167,1.21167
1613795400000,1.21167,1.21167,1.21167,1.21167
1613796300000,1.21167,1.21167,1.21167,1.21167
1613797200000,1.21167,1.21167,1.21167,1.21167
1613798100000,1.21167,1.21167,1.21167,1.21167
1613799000000,1.21167,1.21167,1.21167,1.21167
1613799900000,1.21167,1.21167,1.21167,1.21167
1613800800000,1.21167,1.21167,1.21167,1.21167
1613801700000,1.21167,1.21167,1.21167,1.21167
1613802600000,1.21167,1.21167,1.21167,1.21167
1613803500000,1.21167,1.21167,1.21167,1.21167
1613804400000,1.21167,1.21167,1.21167,1.21167
1613805300000,1.21167,1.21167,1.21167,1.21167
1613806200000,1.21167,1.21167,1.21167,1.21167
1613807100000,1.21167,1.21167,1.21167,1.21167
1613808000000,1.21167,1.21167,1.21167,1.21167
1613808900000,1.21167,1.21167,1.21167,1.21167
1613809800000,1.21167,1.21167,1.21167,1.21167
1613810700000,1.21167,1.21167,1.21167,1.21167
1613811600000,1.21167,1.21167,1.21167,1.21167
1613812500000,1.21167,1.21167,1.21167,1.21167
1613813400000,1.21167,1.21167,1.21167,1.21167
1613814300000,1.21167,1.21167,1.21167,1.21167
1613815200000,1.21167,1.21167,1.21167,1.21167
1613816100000,1.21167,1.21167,1.21167,1.21167
1613817000000,1.21167,1.21167,1.21167,1.21167
1613817900000,1.21167,1.21167,1.21167,1.21167
1613818800000,1.21167,1.21167,1.21167,1.21167
1613819700000,1.21167,1.21167,1.21167,1.21167
1613820600000,1.21167,1.21167,1.21167,1.21167
1613821500000,1.21167,1.21167,1.21167,1.21167
1613822400000,1.21167,1.21167,1.21167,1.21167
1613823300000,1.21167,1.21167,1.21167,1.21167
1613824200000,1.21167,1.21167,1.21167,1.21167
1613825100000,1.21167,1.21167,1.21167,1.21167
1613826000000,1.21167,1.21167,1.21167,1.21167
1613826900000,1.21167,1.21167,1.21167,1.21167
1613827800000,1.21167,1.21167,1.21167,1.21167
1613828700000,1.21167,1.21167,1.21167,1.21167
1613829600000,1.21167,1.21167,1.21167,1.21167
1613830500000,1.21167,1.21167,1.21167,1.21167
1613831400000,1.21167,1.21167,1.21167,1.21167
1613832300000,1.21167,1.21167,1.21167,1.21167
1613833200000,1.21167,1.21167,1.21167,1.21167
1613834100000,1.21167,1.21167,1.21167,1.21167
1613835000000,1.21167,1.21167,1.21167,1.21167
1613835900000,1.21167,1.21167,1.21167,1.21167
1613836800000,1.21167,1.21167,1.21167,1.21167
1613837700000,1.21167,1.21167,1.21167,1.21167
1613838600000,1.21167,1.21167,1.21167,1.21167
1613839500000,1.21167,1.21167,1.21167,1.21167
1613840400000,1.21167,1.21167,1.21167,1.21167
1613841300000,1.21167,1.21167,1.21167,1.21167
1613842200000,1.21167,1.21167,1.21167,1.21167
1613843100000,1.21167,1.21167,1.21167,1.21167
1613844000000,1.21167,1.21167,1.21167,1.21167
1613844900000,1.21167,1.21167,1.21167,1.21167
1613845800000,1.21167,1.21167,1.21167,1.21167
1613846700000,1.21167,1.21167,1.21167,1.21167
1613847600000,1.21167,1.21167,1.21167,1.21167
1613848500000,1.21167,1.21167,1.21167,1.21167
1613849400000,1.21167,1.21167,1.21167,1.21167
1613850300000,1.21167,1.21167,1.21167,1.21167
1613851200000,1.21167,1.21167,1.21167,1.21167
1613852100000,1.21167,1.21167,1.21167,1.21167
1613853000000,1.21167,1.21167,1.21167,1.21167
1613853900000,1.21167,1.21167,1.21167,1.21167
1613854800000,1.21167,1.21167,1.21167,1.21167
1613855700000,1.21167,1.21167,1.21167,1.21167
1613856600000,1.21167,1.21167,1.21167,1.21167
1613857500000,1.21167,1.21167,1.21167,1.21167
1613858400000,1.21167,1.21167,1.21167,1.21167
1613859300000,1.21167,1.21167,1.21167,1.21167
1613860200000,1.21167,1.21167,1.21167,1.21167
1613861100000,1.21167,1.21167,1.21167,1.21167
1613862000000,1.21167,1.21167,1.21167,1.21167
1613862900000,1.21167,1.21167,1.21167,1.21167
1613863800000,1.21167,1.21167,1.21167,1.21167
1613864700000,1.21167,1.21167,1.21167,1.21167
1613865600000,1.21167,1.21167,1.21167,1.21167
1613866500000,1.21167,1.21167,1.21167,1.21167
1613867400000,1.21167,1.21167,1.21167,1.21167
1613868300000,1.21167,1.21167,1.21167,1.21167
1613869200000,1.21167,1.21167,1.21167,1.21167
1613870100000,1.21167,1.21167,1.21167,1.21167
1613871000000,1.21167,1.21167,1.21167,1.21167
1613871900000,1.21167,1.21167,1.21167,1.21167
1613872800000,1.21167,1.21167,1.21167,1.21167
1613873700000,1.21167,1.21167,1.21167,1.21167
1613874600000,1.21167,1.21167,1.21167,1.21167
1613875500000,1.21167,1.21167,1.21167,1.21167
1613876400000,1.21167,1.21167,1.21167,1.21167
1613877300000,1.21167,1.21167,1.21167,1.21167
1613878200000,1.21167,1.21167,1.21167,1.21167
1613879100000,1.21167,1.21167,1.21167,1.21167
1613880000000,1.21167,1.21167,1.21167,1.21167
1613880900000,1.21167,1.21167,1.21167,1.21167
1613881800000,1.21167,1.21167,1.21167,1.21167
1613882700000,1.21167,1.21167,1.21167,1.21167
1613883600000,1.21167,1.21167,1.21167,1.21167
1613884500000,1.21167,1.21167,1.21167,1.21167
1613885400000,1.21167,1.21167,1.21167,1.21167
1613886300000,1.21167,1.21167,1.21167,1.21167
1613887200000,1.21167,1.21167,1.21167,1.21167
1613888100000,1.21167,1.21167,1.21167,1.21167
1613889000000,1.21167,1.21167,1.21167,1.21167
1613889900000,1.21167,1.21167,1.21167,1.21167
1613890800000,1.21167,1.21167,1.21167,1.21167
1613891700000,1.21167,1.21167,1.21167,1.21167
1613892600000,1.21167,1.21167,1.21167,1.21167
1613893500000,1.21167,1.21167,1.21167,1.21167
1613894400000,1.21167,1.21167,1.21167,1.21167
1613895300000,1.21167,1.21167,1.21167,1.21167
1613896200000,1.21167,1.21167,1.21167,1.21167
1613897100000,1.21167,1.21167,1.21167,1.21167
1613898000000,1.21167,1.21167,1.21167,1.21167
1613898900000,1.21167,1.21167,1.21167,1.21167
1613899800000,1.21167,1.21167,1.21167,1.21167
1613900700000,1.21167,1.21167,1.21167,1.21167
1613901600000,1.21167,1.21167,1.21167,1.21167
1613902500000,1.21167,1.21167,1.21167,1.21167
1613903400000,1.21167,1.21167,1.21167,1.21167
1613904300000,1.21167,1.21167,1.21167,1.21167
1613905200000,1.21167,1.21167,1.21167,1.21167
1613906100000,1.21167,1.21167,1.21167,1.21167
1613907000000,1.21167,1.21167,1.21167,1.21167
1613907900000,1.21167,1.21167,1.21167,1.21167
1613908800000,1.21167,1.21167,1.21167,1.21167
1613909700000,1.21167,1.21167,1.21167,1.21167
1613910600000,1.21167,1.21167,1.21167,1.21167
1613911500000,1.21167,1.21167,1.21167,1.21167
1613912400000,1.21167,1.21167,1.21167,1.21167
1613913300000,1.21167,1.21167,1.21167,1.21167
1613914200000,1.21167,1.21167,1.21167,1.21167
1613915100000,1.21167,1.21167,1.21167,1.21167
1613916000000,1.21167,1.21167,1.21167,1.21167
1613916900000,1.21167,1.21167,1.21167,1.21167
1613917800000,1.21167,1.21167,1.21167,1.21167
1613918700000,1.21167,1.21167,1.21167,1.21167
1613919600000,1.21167,1.21167,1.21167,1.21167
1613920500000,1.21167,1.21167,1.21167,1.21167
1613921400000,1.21167,1.21167,1.21167,1.21167
1613922300000,1.21167,1.21167,1.21167,1.21167
1613923200000,1.21167,1.21167,1.21167,1.21167
1613924100000,1.21167,1.21167,1.21167,1.21167
1613925000000,1.21167,1.21167,1.21167,1.21167
1613925900000,1.21167,1.21167,1.21167,1.21167
1613926800000,1.21167,1.21167,1.21167,1.21167
1613927700000,1.21167,1.21167,1.21167,1.21167
1613928600000,1.21167,1.21167,1.21167,1.21167
1613929500000,1.21167,1.21167,1.21167,1.21167
1613930400000,1.21167,1.21167,1.21167,1.21167
1613931300000,1.21167,1.21167,1.21167,1.21167
1613932200000,1.21167,1.21167,1.21167,1.21167
1613933100000,1.21167,1.21167,1.21167,1.21167
1613934000000,1.21167,1.21167,1.21167,1.21167
1613934900000,1.21167,1.21167,1.21167,1.21167
1613935800000,1.21167,1.21167,1.21167,1.21167
1613936700000,1.21167,1.21167,1.21167,1.21167
1613937600000,1.21167,1.21167,1.21167,1.21167
1613938500000,1.21167,1.21167,1.21167,1.21167
1613939400000,1.21167,1.21167,1.21167,1.21167
1613940300000,1.21167,1.21167,1.21167,1.21167
1613941200000,1.21167,1.21167,1.21167,1.21167
1613942100000,1.21167,1.21167,1.21167,1.21167
1613943000000,1.21167,1.21167,1.21167,1.21167
1613943900000,1.21167,1.21167,1.21167,1.21167
1613944800000,1.21151,1.21256,1.21141,1.21219
1613945700000,1.21226,1.21226,1.21202,1.21202
1613946600000,1.21213,1.2122,1.21196,1.21218
1613947500000,1.21211,1.21221,1.21193,1.21212
1613948400000,1.21212,1.21249,1.21207,1.21214
1613949300000,1.2121,1.2121,1.21158,1.21165
1613950200000,1.21167,1.2124,1.21148,1.2123
1613951100000,1.21233,1.21292,1.21233,1.21247
1613952000000,1.21246,1.21258,1.21204,1.21257
1613952900000,1.21256,1.21261,1.2123,1.21238
1613953800000,1.21239,1.2131,1.21239,1.21273
1613954700000,1.21273,1.21273,1.2123,1.21235
1613955600000,1.21233,1.21281,1.21233,1.21278
1613956500000,1.21279,1.21355,1.21275,1.21339
1613957400000,1.21338,1.21338,1.21296,1.21306
1613958300000,1.21307,1.21313,1.21263,1.21264
1613959200000,1.21263,1.21291,1.21208,1.21223
1613960100000,1.21222,1.21229,1.2117,1.21192
1613961000000,1.21193,1.212,1.21167,1.21172
1613961900000,1.21173,1.21207,1.21124,1.212
1613962800000,1.212,1.21204,1.21163,1.21188
1613963700000,1.2119,1.21204,1.21174,1.21178
1613964600000,1.21177,1.21195,1.21159,1.21188
1613965500000,1.21189,1.21206,1.2118,1.21196
1613966400000,1.21199,1.21218,1.21199,1.21216
1613967300000,1.21215,1.21232,1.21211,1.2123
1613968200000,1.2123,1.21236,1.21223,1.21231
1613969100000,1.21231,1.21234,1.21193,1.21205
1613970000000,1.21206,1.21215,1.21188,1.21202
1613970900000,1.21202,1.21222,1.21184,1.21222
1613971800000,1.21222,1.21231,1.21205,1.21208
1613972700000,1.21207,1.21216,1.212,1.21202
1613973600000,1.21204,1.21219,1.21193,1.21215
1613974500000,1.21215,1.21237,1.2121,1.2123
1613975400000,1.2123,1.21242,1.21194,1.21198
1613976300000,1.21199,1.21204,1.21188,1.21195
1613977200000,1.21193,1.21193,1.21115,1.21127
1613978100000,1.21126,1.21127,1.21052,1.21082
1613979000000,1.2108,1.21119,1.21059,1.21099
1613979900000,1.21098,1.21112,1.21052,1.21096
1613980800000,1.21095,1.21236,1.21086,1.21196
1613981700000,1.21198,1.21198,1.21008,1.21009
1613982600000,1.21007,1.21007,1.20922,1.20928
1613983500000,1.20927,1.21022,1.20911,1.21001
1613984400000,1.21001,1.21062,1.20976,1.21053
1613985300000,1.21053,1.21133,1.21015,1.21074
1613986200000,1.21073,1.2117,1.2107,1.21106
1613987100000,1.21106,1.2112,1.21032,1.21081
1613988000000,1.2108,1.21169,1.21077,1.21163
1613988900000,1.21163,1.21211,1.21153,1.21185
1613989800000,1.21183,1.21349,1.21178,1.21326
1613990700000,1.21323,1.21326,1.21277,1.21291
1613991600000,1.21292,1.21326,1.2126,1.21322
1613992500000,1.21319,1.21443,1.21277,1.21374
1613993400000,1.21374,1.21432,1.21357,1.21404
1613994300000,1.21405,1.21436,1.21347,1.21366
1613995200000,1.21365,1.21383,1.21338,1.2137
1613996100000,1.21371,1.21407,1.2134,1.2136
1613997000000,1.21359,1.21385,1.21314,1.21322
1613997900000,1.21324,1.2138,1.21317,1.21363
1613998800000,1.21366,1.21392,1.21293,1.21326
1613999700000,1.21332,1.21362,1.21305,1.21324
1614000600000,1.21322,1.21489,1.21317,1.21485
1614001500000,1.21486,1.21542,1.21456,1.21473
1614002400000,1.21472,1.21493,1.21408,1.21425
1614003300000,1.21425,1.2146,1.21372,1.2145
1614004200000,1.21451,1.2146,1.2129,1.21422
1614005100000,1.21425,1.21473,1.21385,1.21459
1614006000000,1.21457,1.21541,1.21429,1.21525
1614006900000,1.21523,1.21523,1.21429,1.21485
1614007800000,1.21486,1.21491,1.21434,1.2148
1614008700000,1.21482,1.21487,1.21337,1.21387
1614009600000,1.21389,1.21463,1.21352,1.2146
1614010500000,1.2146,1.21504,1.21412,1.21486
1614011400000,1.21487,1.21506,1.2145,1.21502
1614012300000,1.21501,1.21563,1.21491,1.21546
1614013200000,1.21548,1.21609,1.21532,1.21577
1614014100000,1.21577,1.21635,1.21574,1.21633
1614015000000,1.21633,1.21673,1.21631,1.21654
1614015900000,1.21655,1.21676,1.21648,1.21652
1614016800000,1.21651,1.21655,1.21634,1.21645
1614017700000,1.21647,1.21666,1.21634,1.21639
1614018600000,1.21639,1.21693,1.21638,1.21686
1614019500000,1.21686,1.2169,1.21653,1.21654
1614020400000,1.21655,1.21675,1.21646,1.2167
1614021300000,1.21671,1.21685,1.21661,1.21678
1614022200000,1.21679,1.21685,1.21654,1.2168
1614023100000,1.21681,1.2169,1.21655,1.21674
1614024000000,1.21674,1.21674,1.21591,1.21594
1614024900000,1.21596,1.21609,1.21562,1.21579
1614025800000,1.21579,1.21585,1.21548,1.21567
1614026700000,1.21568,1.21569,1.21512,1.21513
1614027600000,1.21512,1.21533,1.21505,1.21527
1614028500000,1.21529,1.21547,1.21518,1.21542
1614029400000,1.21544,1.2155,1.2153,1.21533
1614030300000,1.21533,1.21588,1.21531,1.21551
1614031200000,1.21551,1.21589,1.21551,1.21576
1614032100000,1.21576,1.21606,1.21573,1.21574
1614033000000,1.21579,1.21603,1.21572,1.21597
1614033900000,1.21598,1.21607,1.21579,1.21593
1614034800000,1.21593,1.21646,1.21577,1.21631
1614035700000,1.21631,1.21669,1.21608,1.21661
1614036600000,1.21661,1.21666,1.21648,1.2166
1614037500000,1.2166,1.21664,1.21637,1.21638
1614124800000,1.21506,1.21542,1.2149,1.21542
1614125700000,1.21541,1.21569,1.21533,1.21564
1614126600000,1.21565,1.21572,1.21535,1.2157
1614127500000,1.21572,1.21579,1.21536,1.21548
1614128400000,1.21548,1.2162,1.21519,1.21604
1614129300000,1.21605,1.21637,1.21473,1.21584
1614130200000,1.21584,1.21593,1.21548,1.21578
1614131100000,1.2158,1.21662,1.21574,1.21584
1614132000000,1.21584,1.21621,1.21579,1.21599
1614132900000,1.216,1.21608,1.21579,1.21591
1614133800000,1.21591,1.21599,1.21535,1.21555
1614134700000,1.21555,1.21559,1.21512,1.21556
1614135600000,1.21556,1.21569,1.21524,1.21556
1614136500000,1.21556,1.21568,1.21546,1.21559
1614137400000,1.21561,1.21566,1.21525,1.21549
1614138300000,1.21551,1.21551,1.21503,1.21519
1614139200000,1.2152,1.21523,1.21497,1.21511
1614140100000,1.21511,1.21516,1.21496,1.2151
1614141000000,1.21511,1.21514,1.21495,1.21498
1614141900000,1.21499,1.21501,1.21475,1.21486
1614142800000,1.21485,1.21487,1.21453,1.21454
1614143700000,1.21454,1.21482,1.21454,1.21475
1614144600000,1.21474,1.21483,1.21458,1.2148
1614145500000,1.21481,1.21481,1.21459,1.2148
1614146400000,1.21478,1.21485,1.21454,1.21477
1614147300000,1.21477,1.21526,1.2144,1.21517
1614148200000,1.21517,1.21557,1.21507,1.21554
1614149100000,1.21553,1.21574,1.21533,1.21567
1614150000000,1.21568,1.21595,1.21547,1.2159
1614150900000,1.21591,1.21593,1.21528,1.21556
1614151800000,1.21555,1.21607,1.2154,1.21586
1614152700000,1.21587,1.21597,1.21532,1.21554
1614153600000,1.21555,1.21644,1.2153,1.21572
1614154500000,1.21573,1.21654,1.21522,1.21623
1614155400000,1.21623,1.21745,1.21615,1.21626
1614156300000,1.21625,1.21697,1.21624,1.21683
1614157200000,1.21682,1.21689,1.21623,1.21675
1614158100000,1.21673,1.21745,1.21664,1.21705
1614159000000,1.21704,1.21722,1.21588,1.2162
1614159900000,1.2162,1.21643,1.21592,1.21627
1614160800000,1.21625,1.21651,1.21573,1.21582
1614161700000,1.21582,1.21586,1.21499,1.21502
1614162600000,1.21505,1.21565,1.21498,1.21565
1614163500000,1.21565,1.21585,1.21541,1.21581
1614164400000,1.21579,1.21613,1.21561,1.21613
1614165300000,1.21613,1.21649,1.21576,1.2164
1614166200000,1.2164,1.21653,1.21608,1.21627
1614167100000,1.21627,1.21696,1.21622,1.21632
1614168000000,1.21631,1.21677,1.21619,1.21658
1614168900000,1.2166,1.21723,1.21658,1.21709
1614169800000,1.2171,1.21711,1.21628,1.21649
1614170700000,1.21651,1.21662,1.2154,1.21558
1614171600000,1.21557,1.21575,1.2141,1.21456
1614172500000,1.21456,1.21456,1.21305,1.2139
1614173400000,1.21389,1.2148,1.21334,1.21351
1614174300000,1.2135,1.21381,1.21232,1.21333
1614175200000,1.21331,1.21387,1.21307,1.21382
1614176100000,1.21382,1.21382,1.21303,1.21311
1614177000000,1.21312,1.21365,1.21289,1.21347
1614177900000,1.21348,1.21361,1.21294,1.2132
1614178800000,1.21319,1.21348,1.21104,1.21141
1614179700000,1.21141,1.21276,1.21092,1.21244
1614180600000,1.21243,1.21257,1.21175,1.21206
1614181500000,1.21205,1.21246,1.21132,1.21221
1614182400000,1.21221,1.21305,1.21211,1.2129
1614183300000,1.21288,1.21389,1.21261,1.21348
1614184200000,1.21349,1.21391,1.21321,1.21323
1614185100000,1.21325,1.21429,1.21321,1.21415
1614186000000,1.21417,1.21445,1.21398,1.21425
1614186900000,1.21426,1.21461,1.21404,1.21447
1614187800000,1.21446,1.21461,1.21435,1.21453
1614188700000,1.21453,1.21467,1.21413,1.21417
1614189600000,1.21416,1.21436,1.21392,1.21417
1614190500000,1.21418,1.21461,1.21391,1.2146
1614191400000,1.21459,1.21493,1.21442,1.21485
1614192300000,1.21485,1.21485,1.21439,1.21447
1614193200000,1.21446,1.21478,1.21428,1.21468
1614194100000,1.21466,1.21497,1.21448,1.21495
1614195000000,1.21496,1.21506,1.21482,1.21486
1614195900000,1.21486,1.21488,1.2146,1.21479
1614196800000,1.21476,1.21564,1.21473,1.21564
1614197700000,1.21566,1.21602,1.21544,1.21597
1614198600000,1.21595,1.21677,1.21592,1.21669
1614199500000,1.21668,1.2169,1.21647,1.21662
1614200400000,1.21665,1.21696,1.2162,1.21693
1614201300000,1.21692,1.21724,1.21692,1.21709
1614202200000,1.21711,1.21743,1.21673,1.2168
1614203100000,1.21681,1.21705,1.21664,1.21664
1614204000000,1.2163,1.21722,1.2163,1.21679
1614204900000,1.21679,1.21682,1.21633,1.21633
1614205800000,1.21635,1.21673,1.21603,1.21635
1614206700000,1.21635,1.21671,1.21622,1.21647
1614207600000,1.21649,1.21674,1.21637,1.21652
1614208500000,1.21652,1.21681,1.21652,1.21674
1614209400000,1.21673,1.21695,1.21672,1.21694
1614210300000,1.21693,1.2171,1.2169,1.21693
1614211200000,1.21696,1.21696,1.21646,1.2165
1614212100000,1.21651,1.21661,1.21634,1.21639
1614213000000,1.21638,1.21639,1.2162,1.21638
1614213900000,1.21639,1.21648,1.21596,1.21623
1614214800000,1.21624,1.21645,1.21566,1.21617
1614215700000,1.21616,1.21632,1.2158,1.21612
1614216600000,1.2161,1.21633,1.21591,1.216
1614217500000,1.216,1.21619,1.21571,1.21573
1614218400000,1.21572,1.21591,1.21559,1.2158
1614219300000,1.2158,1.21628,1.21577,1.21621
1614220200000,1.21623,1.21631,1.216,1.21603
1614221100000,1.21604,1.21616,1.21584,1.21599
1614222000000,1.21599,1.21633,1.21599,1.21629
1614222900000,1.2163,1.21663,1.21627,1.2165
1614223800000,1.21649,1.2167,1.21641,1.21666
1614224700000,1.21667,1.21696,1.21654,1.21687
1614225600000,1.2169,1.21702,1.21674,1.21701
1614226500000,1.21702,1.2177,1.21699,1.2174
1614227400000,1.21739,1.21745,1.2172,1.21739
1614228300000,1.2174,1.21773,1.21731,1.21764
1614229200000,1.21767,1.21828,1.21761,1.21792
1614230100000,1.21795,1.21826,1.21791,1.21825
1614231000000,1.21824,1.21825,1.21795,1.21806
1614231900000,1.21808,1.21808,1.21769,1.21778
1614232800000,1.2178,1.21803,1.21749,1.2176
1614233700000,1.2176,1.21796,1.21739,1.21793
1614234600000,1.21795,1.21798,1.21754,1.2179
1614235500000,1.2179,1.21817,1.21777,1.21811
1614236400000,1.2181,1.2181,1.2171,1.21722
1614237300000,1.21721,1.21743,1.21687,1.21687
1614238200000,1.21688,1.21746,1.21676,1.21726
1614239100000,1.21725,1.21886,1.2171,1.21871
1614240000000,1.21871,1.22,1.21871,1.21975
1614240900000,1.21976,1.22031,1.21955,1.21964
1614241800000,1.21964,1.2201,1.21913,1.21956
1614242700000,1.21955,1.22083,1.2194,1.22083
1614243600000,1.22082,1.22179,1.22038,1.22176
1614244500000,1.22175,1.22188,1.22093,1.22136
1614245400000,1.22134,1.22169,1.22115,1.22157
1614246300000,1.22158,1.22227,1.22121,1.22197
1614247200000,1.22197,1.22248,1.22179,1.22227
1614248100000,1.22227,1.2231,1.22208,1.22283
1614249000000,1.22284,1.22357,1.22244,1.22272
1614249900000,1.22272,1.22304,1.22193,1.2228
1614250800000,1.22279,1.22356,1.22279,1.22351
1614251700000,1.22352,1.22377,1.22313,1.22338
1614252600000,1.22337,1.2234,1.22241,1.22257
1614253500000,1.22255,1.22302,1.2223,1.22294
1614254400000,1.22295,1.2231,1.22241,1.22306
1614255300000,1.22303,1.22344,1.22285,1.22329
1614256200000,1.22328,1.22369,1.22309,1.22335
1614257100000,1.22337,1.22349,1.2225,1.22256
1614258000000,1.22257,1.22335,1.2225,1.22251
1614258900000,1.22253,1.22304,1.2224,1.22278
1614259800000,1.22277,1.22287,1.22195,1.22243
1614260700000,1.22241,1.2234,1.22113,1.22122
1614261600000,1.22122,1.22186,1.22088,1.22149
1614262500000,1.22151,1.22251,1.22135,1.2222
1614263400000,1.22222,1.22387,1.22188,1.22366
1614264300000,1.22367,1.22428,1.2231,1.22411
1614265200000,1.22411,1.22433,1.22202,1.22244
1614266100000,1.22244,1.22388,1.22212,1.22287
1614267000000,1.22286,1.22288,1.22179,1.22242
1614267900000,1.22241,1.22275,1.22179,1.2223
1614268800000,1.22231,1.22282,1.22162,1.22265
1614269700000,1.22267,1.22286,1.22224,1.22248
1614270600000,1.22252,1.22273,1.22205,1.22247
1614271500000,1.22249,1.22331,1.22205,1.2229
1614272400000,1.22288,1.22359,1.22265,1.22345
1614273300000,1.22344,1.22386,1.22294,1.22311
1614274200000,1.22312,1.22326,1.22236,1.22269
1614275100000,1.2227,1.22294,1.22115,1.22124
1614276000000,1.22126,1.22137,1.21881,1.21997
1614276900000,1.21998,1.22,1.21889,1.21921
1614277800000,1.21924,1.21935,1.21602,1.2173
1614278700000,1.21729,1.2181,1.21675,1.21801
1614279600000,1.21799,1.21896,1.21745,1.2188
1614280500000,1.21882,1.21931,1.21828,1.21887
1614281400000,1.21884,1.21893,1.21802,1.21807
1614282300000,1.21806,1.21879,1.21801,1.21856
1614283200000,1.21856,1.21873,1.21792,1.2182
1614284100000,1.21819,1.21831,1.21688,1.21689
1614285000000,1.21688,1.21708,1.21626,1.21689
1614285900000,1.21689,1.21751,1.21631,1.21631
1614286800000,1.21631,1.21712,1.21631,1.21707
1614287700000,1.21706,1.21739,1.2169,1.21702
1614288600000,1.21702,1.21751,1.21685,1.21734
1614289500000,1.21736,1.21781,1.21712,1.2174
1614290400000,1.21718,1.21821,1.21699,1.21821
1614291300000,1.21826,1.21826,1.21783,1.21799
1614292200000,1.21805,1.21817,1.21794,1.21803
1614293100000,1.21804,1.21841,1.21795,1.21821
1614294000000,1.21826,1.21828,1.21764,1.21776
1614294900000,1.21776,1.21803,1.21743,1.21757
1614295800000,1.21758,1.21766,1.21622,1.21626
1614296700000,1.21629,1.21633,1.21577,1.21577
1614297600000,1.21579,1.21671,1.21563,1.21573
1614298500000,1.21571,1.21578,1.21372,1.21418
1614299400000,1.21418,1.21566,1.21383,1.21531
1614300300000,1.21531,1.21583,1.21499,1.21574
1614301200000,1.21573,1.21639,1.21522,1.21537
1614302100000,1.21539,1.21587,1.2151,1.21536
1614303000000,1.21537,1.21617,1.21521,1.21595
1614303900000,1.21594,1.21651,1.2158,1.21637
1614304800000,1.21636,1.21729,1.2162,1.21719
1614305700000,1.21719,1.21826,1.21707,1.21793
1614306600000,1.21794,1.21818,1.21743,1.21752
1614307500000,1.21752,1.21789,1.21721,1.21723
1614308400000,1.21724,1.21752,1.21707,1.21747
1614309300000,1.21748,1.21756,1.2168,1.21692
1614310200000,1.21692,1.21698,1.21641,1.21643
1614311100000,1.21643,1.21649,1.21594,1.21595
1614312000000,1.21597,1.21612,1.21543,1.21558
1614312900000,1.21556,1.21578,1.21534,1.2154
1614313800000,1.21541,1.21543,1.21469,1.21469
1614314700000,1.21469,1.21552,1.2145,1.21548
1614315600000,1.21549,1.21581,1.21534,1.2158
1614316500000,1.2158,1.21595,1.21547,1.21575
1614317400000,1.21575,1.21579,1.21522,1.21523
1614318300000,1.21522,1.21574,1.21491,1.21536
1614319200000,1.21536,1.21557,1.21516,1.21552
1614320100000,1.21551,1.21594,1.21548,1.2157
1614321000000,1.21568,1.21586,1.21522,1.21571
1614321900000,1.2157,1.21575,1.2147,1.21545
1614322800000,1.21543,1.21552,1.21378,1.21402
1614323700000,1.21401,1.21451,1.21377,1.21389
1614324600000,1.21387,1.214,1.21288,1.21317
1614325500000,1.2132,1.2139,1.2131,1.21347
1614326400000,1.21346,1.21461,1.21333,1.21445
1614327300000,1.21444,1.21562,1.21431,1.21543
1614328200000,1.21541,1.21594,1.21484,1.21526
1614329100000,1.21524,1.21546,1.21454,1.21494
1614330000000,1.21492,1.21507,1.2139,1.21398
1614330900000,1.21399,1.21432,1.21357,1.21386
1614331800000,1.21385,1.21448,1.21359,1.21389
1614332700000,1.21389,1.2139,1.21227,1.21251
1614333600000,1.21252,1.21291,1.21161,1.21192
1614334500000,1.21192,1.21255,1.21148,1.21235
1614335400000,1.21236,1.21282,1.21228,1.21262
1614336300000,1.21262,1.21267,1.21137,1.21138
1614337200000,1.21139,1.21239,1.21102,1.21123
1614338100000,1.21124,1.21155,1.20984,1.2105
1614339000000,1.2105,1.21052,1.20925,1.21005
1614339900000,1.21005,1.21084,1.20964,1.21068
1614340800000,1.21069,1.21114,1.2103,1.21067
1614341700000,1.21068,1.21163,1.21061,1.21148
1614342600000,1.21148,1.21214,1.21112,1.21155
1614343500000,1.21155,1.2122,1.21135,1.21146
1614344400000,1.21145,1.21204,1.21056,1.21202
1614345300000,1.21204,1.21221,1.21082,1.21092
1614346200000,1.21092,1.21249,1.21087,1.21222
1614347100000,1.21222,1.2125,1.21143,1.21233
1614348000000,1.21234,1.21317,1.21215,1.21234
1614348900000,1.21233,1.21302,1.21159,1.21301
1614349800000,1.21299,1.21311,1.21215,1.21248
1614350700000,1.21249,1.21377,1.21197,1.21245
1614351600000,1.21248,1.21253,1.21091,1.21188
1614352500000,1.21189,1.21216,1.21138,1.21177
1614353400000,1.21177,1.2136,1.21143,1.21358
1614354300000,1.21357,1.21413,1.21203,1.21388
1614355200000,1.21384,1.21399,1.21085,1.21137
1614356100000,1.21138,1.21176,1.20909,1.20916
1614357000000,1.20917,1.2106,1.20909,1.20955
1614357900000,1.20952,1.20991,1.20902,1.20916
1614358800000,1.20914,1.20939,1.2082,1.2085
1614359700000,1.20851,1.20878,1.20798,1.20811
1614360600000,1.20809,1.20828,1.20753,1.2076
1614361500000,1.2076,1.20809,1.20735,1.208
1614362400000,1.20799,1.208,1.20717,1.20782
1614363300000,1.20782,1.20862,1.20757,1.20849
1614364200000,1.20849,1.20851,1.20803,1.20833
1614365100000,1.20835,1.20863,1.20801,1.20831
1614366000000,1.2083,1.20839,1.20774,1.20786
1614366900000,1.20785,1.20855,1.20772,1.2085
1614367800000,1.20851,1.20899,1.20842,1.20892
1614368700000,1.20891,1.20899,1.20764,1.20777
1614369600000,1.20779,1.20792,1.20732,1.20761
1614370500000,1.20762,1.20769,1.20726,1.20747
1614371400000,1.20746,1.2079,1.2074,1.20762
1614372300000,1.2076,1.20764,1.2065,1.20654
1614373200000,1.20655,1.20732,1.20621,1.20654
1614374100000,1.20655,1.20705,1.20647,1.20698
1614375000000,1.207,1.20715,1.20689,1.20698
1614375900000,1.20697,1.20746,1.20697,1.20704
1614376800000,1.20704,1.20704,1.20704,1.20704
1614377700000,1.20704,1.20704,1.20704,1.20704
1614378600000,1.20704,1.20704,1.20704,1.20704
1614379500000,1.20704,1.20704,1.20704,1.20704
1614380400000,1.20704,1.20704,1.20704,1.20704
1614381300000,1.20704,1.20704,1.20704,1.20704
1614382200000,1.20704,1.20704,1.20704,1.20704
1614383100000,1.20704,1.20704,1.20704,1.20704
1614470400000,1.20704,1.20704,1.20704,1.20704
1614471300000,1.20704,1.20704,1.20704,1.20704
1614472200000,1.20704,1.20704,1.20704,1.20704
1614473100000,1.20704,1.20704,1.20704,1.20704
1614474000000,1.20704,1.20704,1.20704,1.20704
1614474900000,1.20704,1.20704,1.20704,1.20704
1614475800000,1.20704,1.20704,1.20704,1.20704
1614476700000,1.20704,1.20704,1.20704,1.20704
1614477600000,1.20704,1.20704,1.20704,1.20704
1614478500000,1.20704,1.20704,1.20704,1.20704
1614479400000,1.20704,1.20704,1.20704,1.20704
1614480300000,1.20704,1.20704,1.20704,1.20704
1614481200000,1.20704,1.20704,1.20704,1.20704
1614482100000,1.20704,1.20704,1.20704,1.20704
1614483000000,1.20704,1.20704,1.20704,1.20704
1614483900000,1.20704,1.20704,1.20704,1.20704
1614484800000,1.20704,1.20704,1.20704,1.20704
1614485700000,1.20704,1.20704,1.20704,1.20704
1614486600000,1.20704,1.20704,1.20704,1.20704
1614487500000,1.20704,1.20704,1.20704,1.20704
1614488400000,1.20704,1.20704,1.20704,1.20704
1614489300000,1.20704,1.20704,1.20704,1.20704
1614490200000,1.20704,1.20704,1.20704,1.20704
1614491100000,1.20704,1.20704,1.20704,1.20704
1614492000000,1.20704,1.20704,1.20704,1.20704
1614492900000,1.20704,1.20704,1.20704,1.20704
1614493800000,1.20704,1.20704,1.20704,1.20704
1614494700000,1.20704,1.20704,1.20704,1.20704
1614495600000,1.20704,1.20704,1.20704,1.20704
1614496500000,1.20704,1.20704,1.20704,1.20704
1614497400000,1.20704,1.20704,1.20704,1.20704
1614498300000,1.20704,1.20704,1.20704,1.20704
1614499200000,1.20704,1.20704,1.20704,1.20704
1614500100000,1.20704,1.20704,1.20704,1.20704
1614501000000,1.20704,1.20704,1.20704,1.20704
1614501900000,1.20704,1.20704,1.20704,1.20704
1614502800000,1.20704,1.20704,1.20704,1.20704
1614503700000,1.20704,1.20704,1.20704,1.20704
1614504600000,1.20704,1.20704,1.20704,1.20704
1614505500000,1.20704,1.20704,1.20704,1.20704
1614506400000,1.20704,1.20704,1.20704,1.20704
1614507300000,1.20704,1.20704,1.20704,1.20704
1614508200000,1.20704,1.20704,1.20704,1.20704
1614509100000,1.20704,1.20704,1.20704,1.20704
1614510000000,1.20704,1.20704,1.20704,1.20704
1614510900000,1.20704,1.20704,1.20704,1.20704
1614511800000,1.20704,1.20704,1.20704,1.20704
1614512700000,1.20704,1.20704,1.20704,1.20704
1614513600000,1.20704,1.20704,1.20704,1.20704
1614514500000,1.20704,1.20704,1.20704,1.20704
1614515400000,1.20704,1.20704,1.20704,1.20704
1614516300000,1.20704,1.20704,1.20704,1.20704
1614517200000,1.20704,1.20704,1.20704,1.20704
1614518100000,1.20704,1.20704,1.20704,1.20704
1614519000000,1.20704,1.20704,1.20704,1.20704
1614519900000,1.20704,1.20704,1.20704,1.20704
1614520800000,1.20704,1.20704,1.20704,1.20704
1614521700000,1.20704,1.20704,1.20704,1.20704
1614522600000,1.20704,1.20704,1.20704,1.20704
1614523500000,1.20704,1.20704,1.20704,1.20704
1614524400000,1.20704,1.20704,1.20704,1.20704
1614525300000,1.20704,1.20704,1.20704,1.20704
1614526200000,1.20704,1.20704,1.20704,1.20704
1614527100000,1.20704,1.20704,1.20704,1.20704
1614528000000,1.20704,1.20704,1.20704,1.20704
1614528900000,1.20704,1.20704,1.20704,1.20704
1614529800000,1.20704,1.20704,1.20704,1.20704
1614530700000,1.20704,1.20704,1.20704,1.20704
1614531600000,1.20704,1.20704,1.20704,1.20704
1614532500000,1.20704,1.20704,1.20704,1.20704
1614533400000,1.20704,1.20704,1.20704,1.20704
1614534300000,1.20704,1.20704,1.20704,1.20704
1614535200000,1.20704,1.20704,1.20704,1.20704
1614536100000,1.20704,1.20704,1.20704,1.20704
1614537000000,1.20704,1.20704,1.20704,1.20704
1614537900000,1.20704,1.20704,1.20704,1.20704
1614538800000,1.20704,1.20704,1.20704,1.20704
1614539700000,1.20704,1.20704,1.20704,1.20704
1614540600000,1.20704,1.20704,1.20704,1.20704
1614541500000,1.20704,1.20704,1.20704,1.20704
1614542400000,1.20704,1.20704,1.20704,1.20704
1614543300000,1.20704,1.20704,1.20704,1.20704
1614544200000,1.20704,1.20704,1.20704,1.20704
1614545100000,1.20704,1.20704,1.20704,1.20704
1614546000000,1.20704,1.20704,1.20704,1.20704
1614546900000,1.20704,1.20704,1.20704,1.20704
1614547800000,1.20704,1.20704,1.20704,1.20704
1614548700000,1.20704,1.20704,1.20704,1.20704
1614549600000,1.20702,1.20775,1.20699,1.20771
1614550500000,1.2077,1.20778,1.20733,1.20755
1614551400000,1.20756,1.20764,1.20739,1.20748
1614552300000,1.20747,1.20762,1.20711,1.20748
1614553200000,1.20751,1.20857,1.20715,1.20796
1614554100000,1.20796,1.20866,1.20785,1.20865
1614555000000,1.20862,1.20919,1.20837,1.20902
1614555900000,1.20903,1.20913,1.20868,1.20903