,Open,High,Low,Close,Volume
1612137600000,1.21225,1.21239,1.21201,1.21216,1209.53
1612138500000,1.21217,1.21279,1.21217,1.21279,966.07
1612139400000,1.21281,1.21281,1.21214,1.21231,1064.37
1612140300000,1.21232,1.21299,1.21232,1.21297,886.47
1612141200000,1.21296,1.21342,1.2127,1.21288,1133.38
1612142100000,1.21287,1.21363,1.21281,1.2135,1120.41
1612143000000,1.21351,1.21357,1.21273,1.21289,1144.02
1612143900000,1.21289,1.21313,1.21256,1.21271,1441.04
1612144800000,1.21272,1.21289,1.21255,1.21287,798.39
1612145700000,1.21285,1.21295,1.21266,1.21278,710.48
1612146600000,1.21275,1.21291,1.21246,1.21274,759.12
1612147500000,1.21274,1.21276,1.21256,1.2127,1086.02
1612148400000,1.2127,1.21273,1.21258,1.2126,985.35
1612149300000,1.21261,1.21293,1.2126,1.21286,754.48
1612150200000,1.21286,1.21317,1.21286,1.21312,599.5
1612151100000,1.21312,1.21315,1.21287,1.21295,664.2
1612152000000,1.21295,1.21329,1.21291,1.21322,950.13
1612152900000,1.21322,1.21327,1.21301,1.21306,1057.73
1612153800000,1.21306,1.21316,1.21288,1.21302,865.15
1612154700000,1.21301,1.21311,1.21273,1.21275,712.01
1612155600000,1.21276,1.21293,1.21276,1.21285,851.02
1612156500000,1.21284,1.21288,1.2126,1.21268,801.44
1612157400000,1.21267,1.21286,1.21258,1.21265,875.93
1612158300000,1.21266,1.21323,1.21265,1.21299,986.89
1612159200000,1.21299,1.21326,1.21282,1.21321,656.56
1612160100000,1.2132,1.21321,1.21302,1.21306,722.23
1612161000000,1.21306,1.21306,1.21277,1.21291,1110.15
1612161900000,1.21291,1.21297,1.21278,1.21292,595.97
1612162800000,1.21293,1.21308,1.21216,1.21221,2000.9
1612163700000,1.2122,1.21269,1.21218,1.21249,1949.87
1612164600000,1.21248,1.21289,1.21236,1.21274,1981.02
1612165500000,1.21273,1.21293,1.21239,1.21283,1420.21
1612166400000,1.21283,1.21302,1.21178,1.21294,4037.68
1612167300000,1.21294,1.21307,1.21127,1.21128,3440.97
1612168200000,1.21132,1.21163,1.21081,1.21084,3146.74
1612169100000,1.21085,1.21096,1.20881,1.20888,3443.92
1612170000000,1.20888,1.20957,1.20835,1.20922,4569.28
1612170900000,1.20924,1.21017,1.20916,1.21011,2704.85
1612171800000,1.2101,1.21042,1.20979,1.2099,2737.16
1612172700000,1.20988,1.21004,1.20914,1.20936,2579.73
1612173600000,1.20936,1.2094,1.20878,1.20881,2297.71
1612174500000,1.20881,1.20889,1.2083,1.20883,2381.55
1612175400000,1.20882,1.20882,1.20693,1.20747,3548.52
1612176300000,1.20746,1.20821,1.20723,1.20797,2935.11
1612177200000,1.20797,1.20821,1.2077,1.20806,2195.18
1612178100000,1.20804,1.20813,1.2075,1.20807,2026.35
1612179000000,1.20806,1.2082,1.20725,1.20794,1676.6
1612179900000,1.20793,1.20842,1.20756,1.20816,1853.25
1612180800000,1.20816,1.20882,1.20816,1.20877,2096.19
1612181700000,1.20876,1.20886,1.20802,1.20823,2055.02
1612182600000,1.20824,1.20862,1.20817,1.2085,2268.94
1612183500000,1.2085,1.20857,1.20721,1.20755,3528.22
1612184400000,1.20755,1.20845,1.20729,1.20842,3370.07
1612185300000,1.20842,1.20884,1.20795,1.20815,3289.89
1612186200000,1.20816,1.20855,1.20793,1.20837,2569.33
1612187100000,1.20835,1.20928,1.20834,1.20848,3214.7
1612188000000,1.20848,1.20924,1.20835,1.2091,2558.88
1612188900000,1.20912,1.20988,1.20899,1.20985,3248.94
1612189800000,1.20986,1.20994,1.20931,1.20966,4813.34
1612190700000,1.20966,1.20969,1.20865,1.20869,4193.97
1612191600000,1.20867,1.20956,1.20867,1.20918,3486.03
1612192500000,1.20919,1.20976,1.20914,1.20941,2247.79
1612193400000,1.20942,1.20983,1.20885,1.20904,2533.35
1612194300000,1.20904,1.20929,1.20798,1.20845,3281.93
1612195200000,1.20845,1.20845,1.20769,1.20771,1875.15
1612196100000,1.20772,1.20871,1.20748,1.20812,2532.61
1612197000000,1.20812,1.20819,1.20748,1.2078,2756.15
1612197900000,1.2078,1.20797,1.20682,1.20685,1820.91
1612198800000,1.20685,1.20701,1.20625,1.20627,2314.6
1612199700000,1.20626,1.20675,1.20625,1.20632,1840.5
1612200600000,1.20632,1.20697,1.20631,1.20667,1465.79
1612201500000,1.20667,1.20698,1.20647,1.20696,1393.46
1612202400000,1.20696,1.20708,1.20615,1.20707,1543.94
1612203300000,1.20706,1.20782,1.207,1.20731,1389.58
1612204200000,1.20733,1.20746,1.20645,1.20688,1790.72
1612205100000,1.20688,1.20692,1.20647,1.20676,1074.69
1612206000000,1.20676,1.20731,1.20665,1.20721,966.04
1612206900000,1.20723,1.20757,1.20717,1.20756,912.01
1612207800000,1.20757,1.20771,1.20727,1.20732,1277.04
1612208700000,1.20731,1.20743,1.20654,1.20664,1307.68
1612209600000,1.20662,1.2071,1.2065,1.20664,1880.41
1612210500000,1.20664,1.2068,1.2062,1.20625,1429.55
1612211400000,1.20626,1.20652,1.20578,1.20592,1606.45
1612212300000,1.20592,1.20625,1.2056,1.20565,1396.785
1612213200000,1.20564,1.20605,1.20564,1.20588,1022.845
1612214100000,1.2059,1.20592,1.2056,1.20581,368
1612215000000,1.20582,1.20617,1.20582,1.20586,553.48
1612215900000,1.20587,1.20612,1.20585,1.20594,734.39
1612216800000,1.20594,1.20631,1.20593,1.20618,145.25
1612217700000,1.20621,1.20621,1.20593,1.20611,279.73
1612218600000,1.20596,1.20628,1.20596,1.20625,85.89
1612219500000,1.20625,1.20637,1.20607,1.20618,164.29
1612220400000,1.20619,1.20631,1.20612,1.20624,429.3
1612221300000,1.20623,1.20679,1.20621,1.20674,1028.23
1612222200000,1.20674,1.20679,1.20649,1.20673,512
1612223100000,1.20672,1.20684,1.20663,1.20676,481.12
1612224000000,1.20676,1.2068,1.20624,1.20637,904.86
1612224900000,1.20635,1.20662,1.20629,1.20641,718.97
1612225800000,1.2064,1.2068,1.2063,1.20668,527.99
1612226700000,1.20668,1.20685,1.20622,1.20679,1405.67
1612227600000,1.20678,1.20718,1.20671,1.2071,790.48
1612228500000,1.20708,1.20753,1.20707,1.20748,1514.44
1612229400000,1.20749,1.20806,1.2073,1.20805,846.03
1612230300000,1.20806,1.20861,1.20768,1.20838,1216.79
1612231200000,1.20839,1.20877,1.20827,1.20828,1049.57
1612232100000,1.20829,1.20842,1.2082,1.20832,673.44
1612233000000,1.20833,1.20856,1.20817,1.20823,865.46
1612233900000,1.20822,1.20852,1.2082,1.20833,860.36
1612234800000,1.20833,1.20843,1.2081,1.20813,764.43
1612235700000,1.20814,1.20845,1.20813,1.2083,835.3
1612236600000,1.2083,1.20843,1.20796,1.20812,1545.95
1612237500000,1.20811,1.20845,1.20809,1.20816,938.79
1612238400000,1.20817,1.20822,1.20799,1.2081,683.83
1612239300000,1.20811,1.20828,1.20801,1.20813,384.81
1612240200000,1.20813,1.20821,1.20777,1.20778,613.3
1612241100000,1.20779,1.20786,1.2075,1.20756,978.17
1612242000000,1.20755,1.20777,1.20749,1.20765,671.46
1612242900000,1.20766,1.2077,1.20749,1.20753,607.23
1612243800000,1.20751,1.20778,1.20747,1.20747,638.4
1612244700000,1.20748,1.20793,1.20745,1.20791,800.66
1612245600000,1.2079,1.20795,1.20733,1.20746,735.61
1612246500000,1.20745,1.20747,1.20699,1.20701,702
1612247400000,1.20703,1.20707,1.20659,1.20702,767.26
1612248300000,1.20704,1.20718,1.20694,1.20708,629.27
1612249200000,1.20707,1.20714,1.20657,1.20672,1854.61
1612250100000,1.20672,1.2068,1.2064,1.20652,1975.23
1612251000000,1.20651,1.2076,1.20651,1.20716,1673.73
1612251900000,1.20717,1.20745,1.20641,1.20686,2334.68
1612252800000,1.20686,1.20748,1.20672,1.20706,3165.01
1612253700000,1.20705,1.2083,1.20704,1.2076,2903.34
1612254600000,1.20762,1.20869,1.20762,1.20813,2728.38
1612255500000,1.20816,1.20871,1.2075,1.20866,2040.88
1612256400000,1.20866,1.20866,1.20786,1.20824,2087.96
1612257300000,1.20824,1.20825,1.20744,1.20776,1837.41
1612258200000,1.20776,1.2079,1.20654,1.20682,2326.33
1612259100000,1.20683,1.20697,1.20639,1.20668,1738.61
1612260000000,1.20669,1.20696,1.20614,1.20615,1641.86
1612260900000,1.20614,1.20622,1.20363,1.20376,6340.8901
1612261800000,1.20375,1.2042,1.2032,1.20404,3095.87
1612262700000,1.20404,1.20417,1.20332,1.20352,2553.74
1612263600000,1.20352,1.20406,1.20341,1.20346,1660.25
1612264500000,1.20344,1.20379,1.20315,1.20323,1672.66
1612265400000,1.20322,1.20346,1.20263,1.20336,2246.39
1612266300000,1.20335,1.20336,1.20267,1.20277,1641.11
1612267200000,1.20278,1.20347,1.20261,1.20337,1823.13
1612268100000,1.20334,1.20382,1.20322,1.20367,1426.31
1612269000000,1.20369,1.20387,1.20309,1.20325,1374.38
1612269900000,1.20324,1.20399,1.20294,1.20386,1680.08
1612270800000,1.20387,1.20443,1.20346,1.20437,3059.27
1612271700000,1.20438,1.20466,1.20396,1.2043,1812.88
1612272600000,1.2043,1.20431,1.2035,1.20385,2280.93
1612273500000,1.20386,1.20497,1.20356,1.20481,2980.67
1612274400000,1.2048,1.20492,1.20407,1.20414,2388.45
1612275300000,1.20415,1.20449,1.20398,1.20445,2156.15
1612276200000,1.20445,1.20446,1.20264,1.20287,3913.34
1612277100000,1.20287,1.20312,1.20202,1.20231,4725.74
1612278000000,1.20234,1.20338,1.20233,1.20286,3445.66
1612278900000,1.20286,1.20335,1.20252,1.20301,3352.12
1612279800000,1.20299,1.20317,1.20212,1.20247,2340.64
1612280700000,1.20248,1.20297,1.20207,1.20273,2638.16
1612281600000,1.20273,1.20326,1.20262,1.20306,2785.93
1612282500000,1.20307,1.20326,1.20254,1.20293,2385.51
1612283400000,1.20293,1.203,1.20246,1.20259,1902.98
1612284300000,1.20259,1.20259,1.20186,1.2019,1943.89
1612285200000,1.20188,1.20254,1.20169,1.20241,2179.8
1612286100000,1.2024,1.20242,1.20132,1.20175,1905.06
1612287000000,1.20172,1.20186,1.20115,1.20137,1440.75
1612287900000,1.20137,1.20195,1.20128,1.20188,1388.12
1612288800000,1.20189,1.20247,1.20188,1.20216,1859.86
1612289700000,1.20216,1.20224,1.2018,1.20203,1080.41
1612290600000,1.20203,1.20233,1.202,1.20211,750.72
1612291500000,1.20212,1.20227,1.20175,1.20179,904.25
1612292400000,1.2018,1.20204,1.20172,1.20189,1067.12
1612293300000,1.20191,1.20232,1.20183,1.20226,839.5
1612294200000,1.20226,1.20255,1.20221,1.20229,572.84
1612295100000,1.20228,1.20233,1.20195,1.20199,1002.21
1612296000000,1.20198,1.20216,1.20171,1.2019,923.95
1612296900000,1.20189,1.20198,1.20175,1.20182,732.23
1612297800000,1.20181,1.20272,1.20174,1.20269,1330.01
1612298700000,1.20267,1.20402,1.20263,1.20368,1695.08
1612299600000,1.20367,1.20401,1.20341,1.20387,1089.45
1612300500000,1.20386,1.20437,1.20369,1.2037,648.85
1612301400000,1.20372,1.20429,1.2037,1.20416,484.87
1612302300000,1.20419,1.20458,1.20411,1.20428,973.5
1612303200000,1.20423,1.20447,1.20416,1.20447,163.08
1612304100000,1.20446,1.20447,1.20426,1.20439,96.67
1612305000000,1.20442,1.20443,1.20436,1.20437,117
1612305900000,1.20436,1.20448,1.20431,1.20431,64.21
1612306800000,1.20436,1.20441,1.20422,1.20432,791.89
1612307700000,1.20433,1.20441,1.20408,1.20436,1023.29
1612308600000,1.20436,1.20438,1.20394,1.20409,607.27
1612309500000,1.20412,1.20427,1.20361,1.20365,578.78
1612310400000,1.20365,1.20394,1.20357,1.20372,952.73
1612311300000,1.20374,1.2039,1.20363,1.20387,1085.61
1612312200000,1.20388,1.20432,1.20372,1.20428,832.23
1612313100000,1.20429,1.2046,1.20418,1.20442,904.17
1612314000000,1.20441,1.20488,1.20418,1.20477,1219.56
1612314900000,1.20479,1.205,1.20457,1.20467,1129.71
1612315800000,1.20469,1.20469,1.20429,1.20439,1609.38
1612316700000,1.20438,1.20479,1.20431,1.20468,638.51
1612317600000,1.20469,1.20476,1.20451,1.20468,912.32
1612318500000,1.20467,1.20472,1.20447,1.20472,753.68
1612319400000,1.20472,1.20479,1.20461,1.20468,509.11
1612320300000,1.2047,1.20479,1.20445,1.20463,553.24
1612321200000,1.20465,1.20465,1.20436,1.20443,520.13
1612322100000,1.20444,1.20479,1.20444,1.20458,602.51
1612323000000,1.20457,1.20457,1.20425,1.20433,515.97
1612323900000,1.20434,1.20448,1.20416,1.20417,787.74
1612324800000,1.20419,1.20436,1.20407,1.20428,469.77
1612325700000,1.20429,1.2043,1.20403,1.20423,652.49
1612326600000,1.20422,1.20423,1.20392,1.20407,745.39
1612327500000,1.20408,1.20434,1.20408,1.20432,493.35
1612328400000,1.20434,1.20454,1.20433,1.20453,508.66
1612329300000,1.20452,1.20456,1.20436,1.20444,655.3
1612330200000,1.20445,1.20446,1.20421,1.20429,577.63
1612331100000,1.20429,1.2044,1.20414,1.20439,485.33
1612332000000,1.20439,1.20441,1.20373,1.20382,888.2
1612332900000,1.20385,1.20406,1.2038,1.20404,551.64
1612333800000,1.20406,1.20414,1.20363,1.20364,433.24
1612334700000,1.20364,1.20377,1.20347,1.20377,753.47
1612335600000,1.20374,1.20404,1.20304,1.20371,1827.84
1612336500000,1.20373,1.20386,1.20326,1.20339,1451.77
1612337400000,1.20341,1.20351,1.20291,1.20315,1733.37
1612338300000,1.20316,1.20376,1.20276,1.20374,2050.42
1612339200000,1.20374,1.20423,1.2033,1.20396,3379.85
1612340100000,1.20397,1.20407,1.20313,1.20388,2293.83
1612341000000,1.20387,1.20407,1.2036,1.20374,2161.57
1612341900000,1.20376,1.20397,1.20309,1.20312,1574.89
1612342800000,1.20314,1.20315,1.20095,1.20176,3553.62
1612343700000,1.20174,1.20246,1.20159,1.20222,1505.69
1612344600000,1.20222,1.20316,1.20221,1.20272,2018.97
1612345500000,1.20271,1.20297,1.20204,1.20227,3067.61
1612346400000,1.20231,1.20303,1.20169,1.20185,2644.39
1612347300000,1.20186,1.20203,1.2012,1.20173,1773.86
1612348200000,1.20173,1.2021,1.20143,1.20204,1309.59
1612349100000,1.20202,1.2022,1.20171,1.2021,1509.26
1612350000000,1.20209,1.20239,1.20176,1.20232,1158.11
1612350900000,1.20231,1.20242,1.20214,1.2023,662.18
1612351800000,1.20232,1.20239,1.20212,1.20222,574.3
1612352700000,1.20221,1.20221,1.20161,1.20162,849.64
1612353600000,1.20161,1.20178,1.20081,1.20137,1631.34
1612354500000,1.2014,1.20164,1.20049,1.20159,2500.99
1612355400000,1.20159,1.20229,1.20142,1.20183,1423.91
1612356300000,1.2018,1.20208,1.20094,1.20105,1635.61
1612357200000,1.20106,1.20171,1.20082,1.2017,1898.81
1612358100000,1.20168,1.20203,1.20109,1.20138,2683.95
1612359000000,1.20137,1.20191,1.20092,1.20144,2072.52
1612359900000,1.20143,1.20233,1.20137,1.2017,1883.53
1612360800000,1.20167,1.20292,1.20155,1.20229,2595.84
1612361700000,1.20227,1.20267,1.20218,1.20244,1678.68
1612362600000,1.20245,1.20325,1.20241,1.20269,3383.2
1612363500000,1.20268,1.20291,1.20246,1.20265,2341.09
1612364400000,1.20265,1.20298,1.20202,1.20217,2599.2
1612365300000,1.20218,1.20252,1.20111,1.20115,2574.69
1612366200000,1.20115,1.20141,1.20082,1.20101,1925.96
1612367100000,1.20101,1.20156,1.2004,1.20105,2893.24
1612368000000,1.20106,1.20213,1.20106,1.20202,2152.32
1612368900000,1.20201,1.20244,1.20182,1.20227,1653.18
1612369800000,1.20228,1.20265,1.20197,1.2023,1464.23
1612370700000,1.20232,1.20257,1.2022,1.20236,1384.11
1612371600000,1.20238,1.20276,1.20231,1.20247,1298.61
1612372500000,1.20248,1.20264,1.20236,1.20255,636.52
1612373400000,1.20255,1.20291,1.20227,1.20289,1161.03
1612374300000,1.2029,1.20307,1.20266,1.20266,1632.17
1612375200000,1.20268,1.20281,1.20235,1.20235,992.4
1612376100000,1.20236,1.20246,1.20211,1.2023,907.57
1612377000000,1.2023,1.20258,1.20222,1.20251,785.5
1612377900000,1.20251,1.20272,1.20239,1.20272,779.4
1612378800000,1.20273,1.20288,1.20262,1.20264,862.78
1612379700000,1.20264,1.2028,1.20258,1.20262,438.86
1612380600000,1.20264,1.20285,1.20263,1.20273,622.74
1612381500000,1.20273,1.20281,1.20254,1.20254,804.73
1612382400000,1.20256,1.20274,1.2024,1.20253,726.04
1612383300000,1.20253,1.20281,1.20251,1.20271,547.24
1612384200000,1.20271,1.20358,1.20271,1.20337,1221.47
1612385100000,1.20336,1.20362,1.20311,1.20331,1358.82
1612386000000,1.20332,1.20362,1.20321,1.20351,813.29
1612386900000,1.20352,1.20367,1.20348,1.20351,330.31
1612387800000,1.20351,1.20367,1.20345,1.20356,290.47
1612388700000,1.20356,1.20373,1.20347,1.20351,249.32
1612389600000,1.20349,1.2036,1.2032,1.20351,81.715
1612390500000,1.20354,1.20355,1.20307,1.20307,54.47
1612391400000,1.20305,1.20349,1.20301,1.20333,175.77
1612392300000,1.2034,1.20349,1.20328,1.20328,60.38
1612393200000,1.20331,1.20418,1.20331,1.20383,846.35
1612394100000,1.20385,1.20409,1.20373,1.20391,531.75
1612395000000,1.20392,1.20404,1.20378,1.20397,498.83
1612395900000,1.20396,1.20414,1.2038,1.20412,470.35
1612396800000,1.20413,1.20424,1.20377,1.20423,1012.99
1612397700000,1.20421,1.20427,1.204,1.20405,664.35
1612398600000,1.20406,1.20408,1.20376,1.20394,736.29
1612399500000,1.20394,1.20404,1.20349,1.20359,1245.24
1612400400000,1.20359,1.20386,1.20355,1.20363,782.2
1612401300000,1.20363,1.20388,1.20349,1.20363,1041.65
1612402200000,1.20364,1.20383,1.20338,1.20343,1220.15
1612403100000,1.20345,1.20375,1.20333,1.20348,1260.34
1612404000000,1.20349,1.20383,1.20342,1.20379,692.65
1612404900000,1.20381,1.20381,1.20337,1.20354,408.91
1612405800000,1.20353,1.20354,1.20327,1.20333,543.03
1612406700000,1.20333,1.20348,1.20312,1.20322,825.79
1612407600000,1.20323,1.20333,1.20284,1.2029,852.14
1612408500000,1.20292,1.20294,1.20213,1.20235,1347.64
1612409400000,1.20233,1.20241,1.20183,1.20184,1321.79
1612410300000,1.20184,1.20218,1.20165,1.20184,1265.02
1612411200000,1.20183,1.20205,1.20173,1.20197,807.62
1612412100000,1.20197,1.20203,1.20183,1.20198,696.17
1612413000000,1.20199,1.20207,1.20179,1.20183,526.79
1612413900000,1.20182,1.20201,1.20157,1.20197,577.01
1612414800000,1.20196,1.20196,1.20131,1.20148,1421.82
1612415700000,1.20147,1.20169,1.20132,1.20144,1103.81
1612416600000,1.20143,1.20169,1.20125,1.20152,864.81
1612417500000,1.20151,1.20173,1.20138,1.20169,809.71
1612418400000,1.20169,1.20169,1.20115,1.20116,729.06
1612419300000,1.20116,1.20129,1.2007,1.20106,1147.6
1612420200000,1.20106,1.20146,1.20104,1.20143,756.94
1612421100000,1.20143,1.20144,1.20099,1.20113,1195.16
1612422000000,1.20113,1.20132,1.20019,1.20028,2683.63
1612422900000,1.20027,1.20102,1.20027,1.20063,1716.86
1612423800000,1.20063,1.20098,1.19996,1.20078,2094.52
1612424700000,1.20078,1.20091,1.20023,1.20081,1861.76
1612425600000,1.2008,1.20136,1.19923,1.20081,4510.11
1612426500000,1.20081,1.20104,1.19936,1.19966,3332.4
1612427400000,1.19964,1.20056,1.19962,1.19975,2158.62
1612428300000,1.19975,1.19989,1.19911,1.19931,1829.44
1612429200000,1.19931,1.19931,1.19848,1.19888,2732.63
1612430100000,1.19888,1.19913,1.1983,1.19904,1865.27
1612431000000,1.19903,1.19931,1.19849,1.19918,1815.53
1612431900000,1.19918,1.19959,1.19856,1.19857,2528.5
1612432800000,1.19856,1.19907,1.19835,1.19874,1711.51
1612433700000,1.19874,1.19934,1.19864,1.19934,1719.07
1612434600000,1.19933,1.19969,1.19907,1.19919,1262.08
1612435500000,1.19921,1.19949,1.19856,1.19876,1536.1
1612436400000,1.19876,1.19895,1.19836,1.19882,1488.02
1612437300000,1.19882,1.19938,1.19862,1.19924,974.86
1612438200000,1.19923,1.1996,1.19897,1.19903,1004.16
1612439100000,1.19902,1.1995,1.19871,1.19875,1625.77
1612440000000,1.19876,1.19942,1.19863,1.19896,4359.39
1612440900000,1.19897,1.1992,1.19828,1.19861,2367.33
1612441800000,1.19862,1.19898,1.19846,1.19895,1551.76
1612442700000,1.19894,1.1994,1.19877,1.19928,1687.27
1612443600000,1.19929,1.19979,1.19928,1.19954,2774.64
1612444500000,1.19955,1.19973,1.19918,1.19934,2059.18
1612445400000,1.19938,1.19956,1.19855,1.1986,1866.18
1612446300000,1.19858,1.19888,1.19834,1.19838,1459.97
1612447200000,1.19839,1.19875,1.19828,1.19831,1388.54
1612448100000,1.1983,1.19892,1.19811,1.19866,1781.58
1612449000000,1.19868,1.1988,1.19765,1.19777,2746.78
1612449900000,1.19776,1.19822,1.19759,1.19808,1794.37
1612450800000,1.19808,1.19843,1.19761,1.19769,1909.76
1612451700000,1.1977,1.19774,1.19685,1.19695,2013.12
1612452600000,1.19695,1.1974,1.19666,1.19707,1695.67
1612453500000,1.19708,1.19795,1.19665,1.19786,2021.2
1612454400000,1.19785,1.19796,1.19725,1.19736,1617.07
1612455300000,1.19736,1.19779,1.19729,1.19756,934.65
1612456200000,1.19755,1.19765,1.19724,1.19727,1098.44
1612457100000,1.19726,1.19746,1.19719,1.19742,797.61
1612458000000,1.19742,1.19742,1.19675,1.1969,998.5
1612458900000,1.19691,1.19696,1.19599,1.19607,1315.07
1612459800000,1.19606,1.1965,1.19574,1.19643,1054.21
1612460700000,1.1964,1.19647,1.19589,1.19603,804.26
1612461600000,1.19602,1.19636,1.19587,1.19633,1386.8
1612462500000,1.19634,1.19665,1.19619,1.19665,1038.68
1612463400000,1.19665,1.19668,1.19643,1.19645,402.72
1612464300000,1.19644,1.19645,1.19605,1.19629,940.33
1612465200000,1.1963,1.19663,1.19603,1.19607,611.09
1612466100000,1.19605,1.19618,1.19581,1.19594,629.56
1612467000000,1.19595,1.19639,1.19575,1.19636,597.88
1612467900000,1.19638,1.1968,1.19633,1.19659,825.37
1612468800000,1.19659,1.19677,1.19644,1.19645,648.81
1612469700000,1.19647,1.19661,1.19638,1.1965,592.67
1612470600000,1.19652,1.19661,1.19636,1.19654,425.44
1612471500000,1.19655,1.19671,1.19637,1.19658,531.905
1612472400000,1.1966,1.19678,1.19637,1.19654,729.785
1612473300000,1.19653,1.19666,1.19637,1.19638,377.66
1612474200000,1.19639,1.19643,1.19609,1.19621,491.29
1612475100000,1.19619,1.1963,1.19602,1.1962,454.41
1612476000000,1.19618,1.19662,1.19607,1.1965,253.7472
1612476900000,1.19651,1.19665,1.19626,1.19632,68.77
1612477800000,1.19633,1.19634,1.19587,1.19634,320.98
1612478700000,1.19635,1.19647,1.19629,1.19647,153.98
1612479600000,1.19645,1.19671,1.19627,1.19664,2429.38
1612480500000,1.19663,1.19682,1.1966,1.19668,507.51
1612481400000,1.19667,1.19688,1.19663,1.19679,533.91
1612482300000,1.19678,1.19678,1.19643,1.19662,401.69
1612483200000,1.19659,1.1967,1.19631,1.19641,689.9
1612484100000,1.19641,1.19681,1.19634,1.19671,763.45
1612485000000,1.19668,1.19718,1.19667,1.19683,665.35
1612485900000,1.19684,1.19696,1.19667,1.19688,769.39
1612486800000,1.19686,1.19689,1.19621,1.19649,867.97
1612487700000,1.19649,1.19673,1.19639,1.19671,986.28
1612488600000,1.19673,1.19692,1.19661,1.19687,1138.16
1612489500000,1.19685,1.19685,1.19644,1.19658,889.85
1612490400000,1.19659,1.1968,1.19635,1.19648,685.45
1612491300000,1.19648,1.19662,1.19621,1.19627,668.09
1612492200000,1.19625,1.19631,1.19555,1.1956,1209.13
1612493100000,1.1956,1.19571,1.19534,1.19541,906.32
1612494000000,1.19541,1.19556,1.19522,1.19546,1021.96
1612494900000,1.19547,1.19563,1.19537,1.19563,386.3
1612495800000,1.19562,1.19573,1.19542,1.1955,534.95
1612496700000,1.19549,1.19568,1.19545,1.19545,547.15
1612497600000,1.19544,1.19569,1.19544,1.19568,492.07
1612498500000,1.19568,1.19571,1.19555,1.19563,500.32
1612499400000,1.19563,1.19563,1.19536,1.19548,470.62
1612500300000,1.19548,1.19563,1.19546,1.1956,183.3
1612501200000,1.19561,1.19567,1.19552,1.19565,381.45
1612502100000,1.19564,1.19571,1.19553,1.1957,545.16
1612503000000,1.19572,1.19617,1.1957,1.19598,746.89
1612503900000,1.19598,1.19631,1.19592,1.19628,558.25
1612504800000,1.1963,1.19637,1.19594,1.19598,443.05
1612505700000,1.196,1.19637,1.19598,1.19635,565.28
1612506600000,1.19635,1.19654,1.19632,1.19645,426.74
1612507500000,1.19644,1.19662,1.19625,1.19654,558.85
1612508400000,1.19653,1.19667,1.19638,1.19654,1063.39
1612509300000,1.19653,1.19654,1.1961,1.19612,809.61
1612510200000,1.19611,1.19653,1.19595,1.19629,1016.86
1612511100000,1.19628,1.19655,1.19618,1.19632,764.12
1612512000000,1.19634,1.19827,1.19634,1.1982,3124.38
1612512900000,1.19819,1.19821,1.19752,1.19762,3224.1
1612513800000,1.19761,1.1981,1.19754,1.19787,3212.91
1612514700000,1.1979,1.19874,1.19753,1.19842,3300.23
1612515600000,1.19842,1.19878,1.19828,1.19839,2008.62
1612516500000,1.19839,1.19841,1.19792,1.198,1610.02
1612517400000,1.19801,1.19827,1.19778,1.19783,1237.83
1612518300000,1.19783,1.19805,1.19763,1.19767,1680.29
1612519200000,1.19766,1.19828,1.19764,1.19797,1425.47
1612520100000,1.198,1.19813,1.1975,1.19752,1216.26
1612521000000,1.19752,1.19794,1.19741,1.19777,1376.71
1612521900000,1.19778,1.19778,1.19737,1.19737,1360.68
1612522800000,1.19737,1.19745,1.19686,1.19721,1649.15
1612523700000,1.19722,1.19778,1.19721,1.19748,1294.89
1612524600000,1.19748,1.19788,1.19723,1.1978,1075.38
1612525500000,1.1978,1.19815,1.19775,1.19798,1008.23
1612526400000,1.19798,1.19831,1.19772,1.19791,1258.85
1612527300000,1.1979,1.19894,1.1979,1.19891,1556.86
1612528200000,1.19894,1.1993,1.19856,1.19865,1276.15
1612529100000,1.19865,1.19923,1.19856,1.19894,1756.24
1612530000000,1.19894,1.19895,1.1981,1.19821,2188.21
1612530900000,1.19822,1.19855,1.19817,1.1984,1891.19
1612531800000,1.19843,1.20052,1.1984,1.20011,6605.4801
1612532700000,1.2001,1.20238,1.20009,1.20039,5812.9
1612533600000,1.20038,1.20143,1.20006,1.2005,4117.94
1612534500000,1.20048,1.20185,1.20023,1.2016,3550.17
1612535400000,1.20159,1.20199,1.2012,1.20175,3959.63
1612536300000,1.20173,1.20224,1.2016,1.20213,2544.61
1612537200000,1.20212,1.20338,1.20178,1.20247,2539.89
1612538100000,1.20246,1.20256,1.20197,1.20202,1355.89
1612539000000,1.20201,1.20302,1.20192,1.20223,1651.76
1612539900000,1.20222,1.20275,1.20182,1.20237,2733.76
1612540800000,1.20239,1.20319,1.20239,1.20306,2007.78
1612541700000,1.20307,1.2031,1.20247,1.20256,1194.8
1612542600000,1.20256,1.20379,1.20247,1.20374,1639.55
1612543500000,1.20373,1.20401,1.20337,1.20347,1652.25
1612544400000,1.20346,1.20401,1.20334,1.20392,1446.66
1612545300000,1.20392,1.20417,1.20376,1.20398,860.26
1612546200000,1.20399,1.20403,1.20334,1.2035,1155.76
1612547100000,1.2035,1.20386,1.20344,1.20378,1060.5
1612548000000,1.20377,1.2041,1.20371,1.20399,849.46
1612548900000,1.204,1.2044,1.20399,1.20421,1056.22
1612549800000,1.20421,1.20461,1.2042,1.20456,769.45
1612550700000,1.20455,1.20475,1.20417,1.20424,841.84
1612551600000,1.20425,1.2044,1.20422,1.20425,532.98
1612552500000,1.20424,1.20425,1.20391,1.20415,651.39
1612553400000,1.20415,1.20422,1.20393,1.20411,525.36
1612554300000,1.20407,1.20438,1.20394,1.20426,641.99
1612555200000,1.20426,1.20441,1.20405,1.20433,405.35
1612556100000,1.20432,1.20459,1.20425,1.20458,517.94
1612557000000,1.20458,1.20467,1.20445,1.20456,469.67
1612557900000,1.20458,1.20496,1.2045,1.20489,989.37
1612558800000,1.20489,1.20498,1.20469,1.20471,762.8875
1612559700000,1.20471,1.20484,1.20461,1.20463,329.22
1612560600000,1.20464,1.20481,1.20459,1.20479,146.02
1612561500000,1.20486,1.20498,1.20472,1.20481,3522.87
1612828800000,1.20522,1.20551,1.20491,1.20539,730.89
1612829700000,1.20539,1.20559,1.20535,1.2055,484
1612830600000,1.20551,1.20584,1.20547,1.20567,662.53
1612831500000,1.20567,1.20599,1.20549,1.20578,663.24
1612832400000,1.20578,1.20609,1.20561,1.20563,932.74
1612833300000,1.20561,1.2064,1.20561,1.20627,1146.34
1612834200000,1.20627,1.20636,1.20582,1.20596,704.68
1612835100000,1.20597,1.20613,1.20591,1.20593,987.09
1612836000000,1.20594,1.20724,1.20594,1.20716,1215.62
1612836900000,1.20716,1.20776,1.20698,1.20767,1671.44
1612837800000,1.20766,1.20799,1.2075,1.20756,1214.93
1612838700000,1.20756,1.2082,1.20755,1.20796,1220.25
1612839600000,1.20797,1.20798,1.20765,1.20786,740.11
1612840500000,1.20787,1.20813,1.20777,1.20803,823.72
1612841400000,1.20803,1.20808,1.20769,1.20782,479.2
1612842300000,1.20783,1.20792,1.2076,1.20769,717.42
1612843200000,1.2077,1.20782,1.20756,1.20773,498.01
1612844100000,1.20773,1.208,1.20763,1.20792,438.59
1612845000000,1.20793,1.20799,1.20782,1.20792,200.2
1612845900000,1.20791,1.20791,1.20755,1.20756,670.83
1612846800000,1.20757,1.20802,1.20757,1.208,504.18
1612847700000,1.20799,1.20805,1.20782,1.20783,405.7
1612848600000,1.20783,1.20791,1.20761,1.20782,314.64
1612849500000,1.20781,1.20795,1.20773,1.2078,628.25
1612850400000,1.20779,1.20812,1.20759,1.2081,997.73
1612851300000,1.20811,1.20824,1.20765,1.20779,874.41
1612852200000,1.20778,1.2081,1.20756,1.20797,819.62
1612853100000,1.20797,1.20802,1.20744,1.2077,719.44
1612854000000,1.2077,1.20815,1.20766,1.20807,1068.38
1612854900000,1.20806,1.20868,1.20797,1.20823,1830.88
1612855800000,1.20822,1.20835,1.20791,1.20805,1756.82
1612856700000,1.20805,1.20838,1.20786,1.20811,1389.88
1612857600000,1.2081,1.20856,1.20779,1.20802,2272.38
1612858500000,1.208,1.20812,1.20672,1.20683,2039.65
1612859400000,1.20684,1.20866,1.20684,1.20862,2156.34
1612860300000,1.20862,1.20976,1.20859,1.20976,2703.46
1612861200000,1.20976,1.21036,1.20948,1.21011,2649.6
1612862100000,1.2101,1.21065,1.20975,1.21006,3359.65
1612863000000,1.21007,1.21124,1.21006,1.2107,2755.1
1612863900000,1.21069,1.21164,1.21054,1.21095,2242.08
1612864800000,1.21094,1.21108,1.21065,1.21065,1886.46
1612865700000,1.21066,1.21074,1.21029,1.21048,1428.93
1612866600000,1.21047,1.21132,1.21046,1.21093,2116.7
1612867500000,1.21092,1.21118,1.21038,1.2104,2075.18
1612868400000,1.21039,1.21051,1.2098,1.20993,2006.15
1612869300000,1.20993,1.21032,1.20977,1.21001,985.37
1612870200000,1.21,1.21062,1.21,1.21059,1012.95
1612871100000,1.21058,1.21072,1.21036,1.2105,1613.53
1612872000000,1.21049,1.21058,1.20997,1.21023,1463.78
1612872900000,1.21022,1.21065,1.21013,1.21035,1102.63
1612873800000,1.21034,1.21065,1.21,1.21015,1577.87
1612874700000,1.21014,1.21025,1.20979,1.2099,1590.13
1612875600000,1.20991,1.21058,1.20968,1.21053,2442.52
1612876500000,1.21055,1.21055,1.20954,1.20973,2439.81
1612877400000,1.20973,1.20991,1.20902,1.20955,2317.01
1612878300000,1.20957,1.21027,1.20953,1.21016,2386.47
1612879200000,1.21016,1.21018,1.20919,1.20951,2299.9
1612880100000,1.20953,1.21014,1.20947,1.20982,2165.87
1612881000000,1.20978,1.21035,1.20904,1.20974,5214.4699
1612881900000,1.20974,1.21019,1.20901,1.20912,4106.29
1612882800000,1.20913,1.20983,1.20884,1.20969,3705.54
1612883700000,1.20967,1.21015,1.20927,1.20971,3200.05
1612884600000,1.20971,1.20985,1.20931,1.2098,2837.36
1612885500000,1.20982,1.21034,1.20941,1.20976,3348.09
1612886400000,1.20976,1.20995,1.20932,1.20943,2176.55
1612887300000,1.20942,1.20968,1.20922,1.20952,1761.18
1612888200000,1.20955,1.21015,1.20952,1.21003,1153.89
1612889100000,1.21005,1.21063,1.2099,1.21047,1375.86
1612890000000,1.21046,1.21056,1.21031,1.21042,1376.74
1612890900000,1.21043,1.21091,1.21034,1.21055,1874.29
1612891800000,1.21055,1.21093,1.21038,1.2109,1265.27
1612892700000,1.2109,1.2109,1.21042,1.21053,1380.43
1612893600000,1.21052,1.21078,1.21021,1.21044,771.58
1612894500000,1.21042,1.2105,1.21032,1.21044,649.74
1612895400000,1.21044,1.21047,1.21021,1.21036,1207.9
1612896300000,1.21037,1.21058,1.21037,1.21052,1167.71
1612897200000,1.21052,1.21084,1.21052,1.21076,867.3
1612898100000,1.21075,1.21142,1.2107,1.21141,1806.35
1612899000000,1.21142,1.21203,1.21129,1.21181,1951.53
1612899900000,1.2118,1.21207,1.21151,1.21184,1584.45
1612900800000,1.21185,1.21192,1.21166,1.2119,1112.06
1612901700000,1.21189,1.21201,1.21157,1.21175,858.79
1612902600000,1.21174,1.21194,1.21165,1.21185,795.07
1612903500000,1.21185,1.21189,1.21156,1.21165,1035.04
1612904400000,1.21168,1.21182,1.21144,1.21177,926.3
1612905300000,1.21178,1.21191,1.21169,1.2119,448.68
1612906200000,1.21191,1.21191,1.21168,1.21183,372.64
1612907100000,1.21183,1.21218,1.21171,1.21172,492.53
1612908000000,1.21168,1.21202,1.21167,1.2119,143.59
1612908900000,1.21188,1.21197,1.21164,1.21168,152.93
1612909800000,1.21168,1.21183,1.21164,1.21179,85.48
1612910700000,1.21177,1.21188,1.21165,1.21185,135.03
1612911600000,1.21192,1.21192,1.21156,1.21166,340.42
1612912500000,1.21169,1.21187,1.21159,1.2116,420.36
1612913400000,1.21165,1.21189,1.21163,1.21173,424.94
1612914300000,1.21175,1.21181,1.21156,1.21161,371.32
1613340000000,1.21244,1.21248,1.21215,1.21217,237.45
1613340900000,1.21218,1.21218,1.21191,1.21207,65.83
1613341800000,1.21207,1.21237,1.21207,1.21215,382.42
1613342700000,1.21219,1.21237,1.21215,1.21231,134.87
1613343600000,1.2123,1.21249,1.21222,1.21246,677.7485
1613344500000,1.21247,1.21251,1.21222,1.21227,702.54
1613345400000,1.21227,1.21227,1.21207,1.21216,776.31
1613346300000,1.21217,1.21219,1.21202,1.21204,263.53
1613347200000,1.21206,1.21207,1.21167,1.21178,550.91
1613348100000,1.21179,1.21228,1.21176,1.21225,395.7
1613349000000,1.21223,1.21232,1.21214,1.2122,279.89
1613349900000,1.2122,1.21229,1.21208,1.2121,378.27
1613350800000,1.2121,1.21225,1.21174,1.21189,557.43
1613351700000,1.2119,1.21223,1.21184,1.21221,506.14
1613352600000,1.21221,1.21279,1.21218,1.21258,687.2
1613353500000,1.21259,1.21284,1.21249,1.21267,628
1613354400000,1.21266,1.21293,1.21255,1.21269,868.01
1613355300000,1.2127,1.21329,1.21269,1.21298,900.27
1613356200000,1.21298,1.21313,1.21287,1.21291,460.79
1613357100000,1.21292,1.21326,1.21292,1.21325,357
1613358000000,1.21325,1.21336,1.21298,1.21335,503.32
1613358900000,1.21334,1.2135,1.2133,1.21347,357.11
1613359800000,1.21345,1.2135,1.21324,1.2134,608.24
1613360700000,1.2134,1.21376,1.2134,1.2134,587.18
1613361600000,1.21341,1.21368,1.21337,1.21349,523.53
1613362500000,1.2135,1.21357,1.21321,1.21322,402.96
1613363400000,1.21324,1.21331,1.21318,1.21318,324.4
1613364300000,1.21317,1.21323,1.21311,1.21321,236.55
1613365200000,1.2132,1.21363,1.2132,1.21343,431.29
1613366100000,1.21341,1.21387,1.21338,1.21384,457.08
1613367000000,1.21383,1.21397,1.21377,1.21394,560.34
1613367900000,1.21394,1.21402,1.21377,1.21379,421.79
1613368800000,1.21378,1.21404,1.21372,1.21398,504.26
1613369700000,1.21398,1.214,1.21386,1.21394,414.31
1613370600000,1.21394,1.21399,1.21372,1.21373,524.29
1613371500000,1.21373,1.21376,1.21343,1.21346,504.86
1613372400000,1.21348,1.21375,1.21337,1.21348,663.17
1613373300000,1.21351,1.21378,1.21339,1.21369,586.45
1613374200000,1.21368,1.21369,1.21308,1.21318,1123.03
1613375100000,1.21317,1.21369,1.21307,1.2133,1051.21
1613376000000,1.21329,1.2145,1.21309,1.21441,1667.82
1613376900000,1.21442,1.21451,1.21366,1.21374,2246.09
1613377800000,1.21374,1.21413,1.21336,1.21357,2813.2
1613378700000,1.21357,1.21414,1.21346,1.21397,1612.26
1613379600000,1.21398,1.21408,1.21329,1.21391,2157.88
1613380500000,1.2139,1.21412,1.21372,1.21409,1411.48
1613381400000,1.21409,1.21446,1.21371,1.21424,1577.1
1613382300000,1.21424,1.21447,1.21341,1.21345,1868.53
1613383200000,1.21344,1.21375,1.21326,1.21337,1165.88
1613384100000,1.21338,1.21364,1.21311,1.2132,1101.8
1613385000000,1.21321,1.21349,1.21315,1.21326,938.04
1613385900000,1.21327,1.21338,1.21311,1.21335,867.15
1613386800000,1.21335,1.21353,1.21296,1.21345,792.2
1613387700000,1.21346,1.2139,1.21346,1.21379,543.85
1613388600000,1.21382,1.21403,1.21355,1.21369,715.18
1613389500000,1.21371,1.21383,1.21305,1.21327,847.47
1613390400000,1.21326,1.21328,1.21245,1.2125,1655.52
1613391300000,1.21248,1.21288,1.21238,1.21285,958.03
1613392200000,1.21284,1.21324,1.21279,1.2131,844.93
1613393100000,1.21309,1.21334,1.21302,1.21302,647.01
1613394000000,1.21303,1.21306,1.2126,1.21285,873.55
1613394900000,1.21286,1.21335,1.21283,1.21326,972.14
1613395800000,1.21324,1.21329,1.21277,1.21299,723.46
1613396700000,1.213,1.213,1.21253,1.21267,900.4
1613397600000,1.21268,1.21277,1.21207,1.21241,1086.33
1613398500000,1.21242,1.21267,1.21228,1.21247,654.45
1613399400000,1.21246,1.21272,1.21227,1.21252,1299.31
1613400300000,1.21252,1.21255,1.21228,1.21239,1111.26
1613401200000,1.21239,1.21267,1.21232,1.21243,1075.88
1613402100000,1.21242,1.21284,1.2123,1.21231,873.82
1613403000000,1.21228,1.21275,1.21228,1.21273,646.18
1613403900000,1.21274,1.21324,1.21267,1.21314,1152.46
1613404800000,1.21314,1.21323,1.21267,1.21308,858.94
1613405700000,1.21308,1.21347,1.21302,1.21318,933.54
1613406600000,1.21317,1.21318,1.21277,1.21314,829.88
1613407500000,1.21313,1.21374,1.2131,1.21367,553.85
1613408400000,1.21366,1.21381,1.21354,1.21362,492.74
1613409300000,1.21362,1.21365,1.21326,1.2136,535.81
1613410200000,1.2136,1.21361,1.21326,1.2133,647.31
1613411100000,1.21332,1.21333,1.21297,1.21309,811.93
1613412000000,1.2131,1.21337,1.21299,1.21336,560.34
1613412900000,1.21335,1.21347,1.21331,1.21331,188.36
1613413800000,1.21332,1.21344,1.21332,1.21337,106.67
1613414700000,1.21336,1.21337,1.21294,1.21311,325.81
1613415600000,1.21311,1.2132,1.21305,1.21317,314.59
1613416500000,1.21316,1.21318,1.21303,1.21311,438.9
1613417400000,1.21311,1.21321,1.21298,1.21304,255.89
1613418300000,1.21305,1.21315,1.21296,1.21305,390.33
1613419200000,1.21306,1.21309,1.21304,1.21307,151.41
1613420100000,1.21307,1.21314,1.21302,1.21307,172.77
1613421000000,1.21307,1.21316,1.21306,1.21312,271
1613421900000,1.21312,1.21313,1.21301,1.21306,239.905
1613422800000,1.21311,1.21342,1.21307,1.21327,178.06
1613423700000,1.21326,1.21336,1.21297,1.21307,409.78
1613424600000,1.21307,1.21311,1.21289,1.21289,175.67
1613425500000,1.21289,1.2129,1.21257,1.21274,312.795
1613426400000,1.21269,1.21314,1.21269,1.21287,168.2
1613427300000,1.21309,1.21309,1.21274,1.21277,19.5
1613428200000,1.21278,1.21283,1.21248,1.21282,32.51
1613429100000,1.21281,1.21304,1.21263,1.21284,247.95
1613430000000,1.21293,1.21301,1.21268,1.21298,350.89
1613430900000,1.21297,1.21298,1.21272,1.21287,595.67
1613431800000,1.21287,1.21308,1.21285,1.21303,350.61
1613432700000,1.21303,1.21327,1.21303,1.2132,253.25
1613433600000,1.21319,1.21351,1.21313,1.21346,539.89
1613434500000,1.21347,1.21398,1.21342,1.21386,540.64
1613435400000,1.21385,1.21406,1.21375,1.21388,685.81
1613436300000,1.21387,1.21388,1.2136,1.21371,532.18
1613437200000,1.2137,1.2138,1.21343,1.21372,677.1
1613438100000,1.21371,1.21406,1.21359,1.21401,585.61
1613439000000,1.21402,1.21446,1.21396,1.21444,1163.08
1613439900000,1.21446,1.21468,1.21413,1.21426,663.55
1613440800000,1.21427,1.21434,1.21416,1.21428,515.4
1613441700000,1.21427,1.21444,1.21409,1.21443,592.02
1613442600000,1.21445,1.21449,1.21435,1.21447,347.59
1613443500000,1.21448,1.21458,1.21442,1.21454,469.31
1613444400000,1.21455,1.21468,1.21446,1.21467,272.49
1613445300000,1.21467,1.2147,1.21454,1.21469,319.65
1613446200000,1.21469,1.21501,1.21456,1.21473,587.92
1613447100000,1.21474,1.21479,1.21457,1.21465,727.14
1613448000000,1.21464,1.21467,1.21437,1.21442,768.99
1613448900000,1.21441,1.21444,1.21416,1.21421,563.96
1613449800000,1.21422,1.21423,1.2138,1.21393,723.51
1613450700000,1.21394,1.21402,1.21393,1.21395,323.06
1613451600000,1.21396,1.2141,1.21392,1.21395,244.66
1613452500000,1.21391,1.21391,1.21363,1.21387,590.97
1613453400000,1.21384,1.21384,1.21327,1.21356,1569.77
1613454300000,1.21355,1.21374,1.21348,1.21365,759.8
1613455200000,1.21364,1.21382,1.21337,1.21356,584.68
1613456100000,1.21356,1.2139,1.21348,1.21362,468.65
1613457000000,1.21363,1.21395,1.21353,1.21356,496.98
1613457900000,1.21355,1.214,1.21354,1.21394,449.09
1613458800000,1.21397,1.2142,1.21376,1.21394,1179.48
1613459700000,1.21395,1.21399,1.21306,1.21324,1549.21
1613460600000,1.21328,1.21341,1.21293,1.21315,1113.95
1613461500000,1.21315,1.21325,1.21283,1.21308,1169.08
1613462400000,1.21307,1.21431,1.21299,1.21415,2444.23
1613463300000,1.21415,1.21448,1.21355,1.2143,2355.35
1613464200000,1.2143,1.21515,1.21421,1.21455,1957.44
1613465100000,1.21456,1.21572,1.21455,1.2155,1463.19
1613466000000,1.21551,1.21553,1.21459,1.21492,1918.11
1613466900000,1.21492,1.21531,1.2146,1.21492,1385.9
1613467800000,1.21491,1.21513,1.21448,1.21508,1470.55
1613468700000,1.21508,1.21541,1.21497,1.21524,991.27
1613469600000,1.21524,1.21571,1.21522,1.21539,1739.8
1613470500000,1.21539,1.21583,1.21539,1.21577,918.03
1613471400000,1.21577,1.21659,1.21573,1.21652,1177.28
1613472300000,1.21649,1.21671,1.21627,1.21636,1251.96
1613473200000,1.21637,1.21672,1.21618,1.2167,923.83
1613474100000,1.21671,1.21679,1.21641,1.21654,741.38
1613475000000,1.21654,1.2166,1.2163,1.21641,784.1
1613475900000,1.21641,1.2167,1.21636,1.21652,1208.34
1613476800000,1.21652,1.21673,1.21639,1.21648,1161.53
1613477700000,1.21649,1.21693,1.21649,1.21664,1135.52
1613478600000,1.21663,1.21671,1.21604,1.21616,1409.24
1613479500000,1.21618,1.21626,1.21485,1.21503,2821.27
1613480400000,1.21503,1.21518,1.21403,1.21427,2830.49
1613481300000,1.21428,1.21438,1.21323,1.2135,2644.32
1613482200000,1.21351,1.21351,1.21161,1.21186,4199.96
1613483100000,1.21184,1.21184,1.21063,1.21081,3612.24
1613484000000,1.21082,1.21128,1.21016,1.21082,4889.25
1613484900000,1.21082,1.2111,1.21,1.21032,3160.42
1613485800000,1.21034,1.21131,1.21022,1.21086,4384.78
1613486700000,1.21085,1.21085,1.20949,1.20972,2903.2
1613487600000,1.20973,1.21119,1.20972,1.21118,2890.18
1613488500000,1.21116,1.21153,1.21071,1.21117,3439.17
1613489400000,1.21118,1.21169,1.21083,1.21112,3144.07
1613490300000,1.21111,1.21202,1.2106,1.21192,3526.94
1613491200000,1.21193,1.21238,1.21119,1.21122,3070.66
1613492100000,1.21123,1.21128,1.21078,1.21087,2446.67
1613493000000,1.21087,1.21143,1.2106,1.21115,2012.58
1613493900000,1.21117,1.21119,1.21051,1.21069,1971.39
1613494800000,1.21068,1.2109,1.21036,1.21065,2253.23
1613495700000,1.21065,1.21082,1.21041,1.21079,1281.74
1613496600000,1.2108,1.21095,1.21052,1.21062,1175.07
1613497500000,1.21062,1.21091,1.21055,1.21087,1081.75
1613498400000,1.21088,1.21117,1.21083,1.21116,775.12
1613499300000,1.21117,1.21129,1.21105,1.21111,749.97
1613500200000,1.2111,1.21121,1.211,1.21121,454.68
1613501100000,1.21124,1.21155,1.21114,1.21123,579.99
1613502000000,1.21124,1.21126,1.21104,1.21106,468.48
1613502900000,1.21106,1.21142,1.21095,1.21138,478.78
1613503800000,1.21141,1.21145,1.21129,1.2113,543.84
1613504700000,1.21131,1.21158,1.21124,1.21152,1014.17
1613505600000,1.21153,1.21161,1.21134,1.2114,485.35
1613506500000,1.2114,1.21167,1.21133,1.21163,513.94
1613507400000,1.21161,1.21163,1.21141,1.21157,516.63
1613508300000,1.21159,1.21176,1.21106,1.21115,748.22
1613509200000,1.21115,1.21122,1.21093,1.21093,456.685
1613510100000,1.21094,1.21094,1.21056,1.21058,363.81
1613511000000,1.21058,1.21064,1.21051,1.21055,180.15
1613511900000,1.21055,1.21065,1.21033,1.21053,569.89
1613512800000,1.21047,1.2109,1.21043,1.21075,67.55
1613513700000,1.21074,1.21075,1.2102,1.21048,300.31
1613514600000,1.21055,1.21055,1.2102,1.21027,156.62
1613515500000,1.21031,1.21041,1.21013,1.21025,287.05
1613516400000,1.21024,1.21043,1.20859,1.20861,1668.93
1613517300000,1.2086,1.2098,1.2086,1.20914,1342.82
1613518200000,1.20915,1.20971,1.20909,1.20954,841
1613519100000,1.20953,1.2098,1.20878,1.2088,959.42
1613520000000,1.20879,1.20933,1.20866,1.20906,1191.57
1613520900000,1.20906,1.20921,1.20877,1.20912,1023.21
1613521800000,1.20912,1.20942,1.20867,1.20883,1039.47
1613522700000,1.20882,1.20903,1.20864,1.20888,1284.64
1613523600000,1.20889,1.20903,1.20832,1.20885,1323.27
1613524500000,1.20886,1.20909,1.20871,1.20877,935.93
1613525400000,1.20879,1.20925,1.20871,1.20925,800.71
1613526300000,1.20923,1.2095,1.20904,1.20928,717.64
1613527200000,1.20928,1.20958,1.20905,1.20927,1116.26
1613528100000,1.20926,1.20982,1.20925,1.2093,956.68
1613529000000,1.20931,1.20956,1.20929,1.20952,813.52
1613529900000,1.20953,1.20961,1.20926,1.20945,979.76
1613530800000,1.20945,1.20956,1.20926,1.20935,809.11
1613531700000,1.20934,1.20937,1.20888,1.20898,784.59
1613532600000,1.20897,1.20897,1.20859,1.20876,600.85
1613533500000,1.20875,1.20903,1.20875,1.20898,442.73
1613534400000,1.20896,1.20919,1.20889,1.20918,312.1
1613535300000,1.20918,1.20918,1.20893,1.20899,528.21
1613536200000,1.20898,1.20913,1.20886,1.20907,676.25
1613537100000,1.20907,1.20931,1.20899,1.20917,753.36
1613538000000,1.20919,1.2094,1.20906,1.20915,598.21
1613538900000,1.20916,1.20951,1.20912,1.20934,854.26
1613539800000,1.20935,1.20947,1.20911,1.20934,814.55
1613540700000,1.20933,1.20937,1.20914,1.2093,662.31
1613541600000,1.20932,1.20933,1.20867,1.20873,936.5
1613542500000,1.20873,1.20884,1.20845,1.20883,1043.91
1613543400000,1.20881,1.2089,1.20857,1.20889,791.42
1613544300000,1.20887,1.20895,1.2086,1.2086,825.16
1613545200000,1.2086,1.20866,1.20768,1.20793,2140.45
1613546100000,1.20793,1.20793,1.20724,1.20753,2053.55
1613547000000,1.20754,1.20764,1.20716,1.20759,1878.62
1613547900000,1.20761,1.20775,1.20706,1.2074,1884.13
1613548800000,1.20738,1.20775,1.20683,1.20746,3013.35
1613549700000,1.20745,1.20822,1.20741,1.20763,1877.82
1613550600000,1.20763,1.20777,1.20698,1.20733,1952.89
1613551500000,1.20734,1.20779,1.20648,1.20769,2469.67
1613552400000,1.20771,1.20831,1.20706,1.20816,2119.32
1613553300000,1.20815,1.20815,1.20749,1.20778,1636.14
1613554200000,1.20776,1.20776,1.20631,1.20648,2203.26
1613555100000,1.20648,1.20686,1.20596,1.20679,2496.88
1613556000000,1.20677,1.20677,1.20592,1.20636,1899.89
1613556900000,1.20637,1.20664,1.20615,1.20618,1515.04
1613557800000,1.20619,1.20662,1.20597,1.20657,1210
1613558700000,1.20656,1.20692,1.20624,1.20685,1387.25
1613559600000,1.20686,1.20693,1.20639,1.20686,1201.76
1613560500000,1.20687,1.20687,1.20618,1.20652,1430.9
1613561400000,1.20653,1.20659,1.20609,1.20619,889.77
1613562300000,1.20619,1.20624,1.20577,1.2062,1834.24
1613563200000,1.2062,1.20637,1.20569,1.20599,1098.2
1613564100000,1.20599,1.20613,1.20569,1.20605,1262.83
1613565000000,1.20605,1.20656,1.20586,1.20656,1370.53
1613565900000,1.20657,1.20659,1.20625,1.20632,1259.74
1613566800000,1.20634,1.20657,1.20569,1.20597,1262.37
1613567700000,1.20599,1.20599,1.20545,1.20574,1437.64
1613568600000,1.20575,1.20575,1.20381,1.20401,5581.64
1613569500000,1.20401,1.20412,1.20304,1.20336,4061.68
1613570400000,1.20335,1.20378,1.20304,1.20376,3071.61
1613571300000,1.20373,1.20442,1.2034,1.2042,3432.82
1613572200000,1.20419,1.20476,1.20401,1.20441,4331.01
1613573100000,1.2044,1.2044,1.20371,1.20395,2996.05
1613574000000,1.20394,1.20405,1.2035,1.20379,2594.86
1613574900000,1.20378,1.20381,1.20314,1.2035,2177.93
1613575800000,1.20351,1.20354,1.20272,1.20298,2647.72
1613576700000,1.203,1.20334,1.20232,1.20327,2642.66
1613577600000,1.20325,1.20356,1.20254,1.20266,2487.1
1613578500000,1.20267,1.20397,1.20247,1.20388,2126.12
1613579400000,1.20386,1.20393,1.20336,1.20361,2588.97
1613580300000,1.20361,1.20423,1.20321,1.20409,1381.58
1613581200000,1.2041,1.20421,1.20388,1.20396,1314.74
1613582100000,1.20396,1.20401,1.20381,1.20398,1117.29
1613583000000,1.20397,1.20445,1.20397,1.20443,1115.85
1613583900000,1.20442,1.2047,1.2043,1.20451,1158.93
1613584800000,1.20453,1.20455,1.20405,1.20422,1622.32
1613585700000,1.20421,1.20423,1.20383,1.20384,855.34
1613586600000,1.20385,1.20385,1.20352,1.20356,715.54
1613587500000,1.20356,1.20395,1.20349,1.20374,652.41
1613588400000,1.20376,1.20397,1.20351,1.20397,1086.3
1613589300000,1.20396,1.20398,1.20343,1.20345,621.08
1613590200000,1.20348,1.20376,1.20347,1.20368,606.41
1613591100000,1.20367,1.20397,1.20363,1.20368,827.64
1613592000000,1.20369,1.20419,1.20363,1.20417,684.09
1613592900000,1.20417,1.20436,1.20406,1.20411,799.62
1613593800000,1.20414,1.20425,1.20402,1.20417,402.94
1613594700000,1.20416,1.20431,1.20404,1.2042,642.09
1613595600000,1.20421,1.20431,1.20404,1.20431,393.335
1613596500000,1.20429,1.20431,1.20411,1.20417,213.5
1613597400000,1.20416,1.20425,1.2041,1.20411,246.73
1613598300000,1.20411,1.2042,1.20372,1.20372,264.31
1613599200000,1.20333,1.20413,1.2033,1.20413,184.825
1613600100000,1.20412,1.20454,1.20399,1.20433,90.44
1613601000000,1.20437,1.20454,1.20429,1.20452,163.5
1613601900000,1.20454,1.20456,1.20429,1.20445,221.09
1613602800000,1.20446,1.20446,1.20419,1.20426,473.3
1613603700000,1.20427,1.20444,1.20421,1.2044,206.01
1613604600000,1.20439,1.20448,1.20432,1.20432,241.75
1613605500000,1.20431,1.20455,1.2043,1.20455,303.1
1613606400000,1.20454,1.2047,1.2044,1.20442,621.64
1613607300000,1.20445,1.20487,1.20441,1.20465,684.14
1613608200000,1.20466,1.20491,1.20432,1.20486,604
1613609100000,1.20486,1.20499,1.20452,1.20486,914.32
1613610000000,1.20486,1.205,1.20456,1.20472,911.12
1613610900000,1.20473,1.20491,1.20465,1.20481,912.44
1613611800000,1.20479,1.20487,1.20421,1.20447,1106.13
1613612700000,1.20447,1.20447,1.20413,1.20446,664.76
1613613600000,1.20445,1.20445,1.20385,1.20407,765.63
1613614500000,1.20406,1.20428,1.20405,1.20426,477.44
1613615400000,1.20428,1.20451,1.20421,1.20424,541.16
1613616300000,1.20425,1.20447,1.20422,1.20436,739.71
1613617200000,1.20437,1.20449,1.20386,1.20391,646.29
1613618100000,1.20391,1.20399,1.20373,1.2039,525.65
1613619000000,1.20392,1.20392,1.20355,1.20377,507.33
1613619900000,1.20378,1.20381,1.20362,1.20367,302.63
1613620800000,1.20366,1.20376,1.20356,1.20376,305.98
1613621700000,1.20374,1.20397,1.20373,1.20397,260.33
1613622600000,1.20398,1.20402,1.20391,1.20395,242.01
1613623500000,1.20394,1.20403,1.20367,1.20371,368.43
1613624400000,1.20372,1.20406,1.2037,1.20406,440.47
1613625300000,1.20403,1.20424,1.20396,1.20424,467.07
1613626200000,1.20426,1.20439,1.20424,1.20438,456.6
1613627100000,1.20437,1.20465,1.20431,1.20458,461.05
1613628000000,1.20457,1.20461,1.20426,1.2044,530.1
1613628900000,1.20439,1.20473,1.20434,1.20462,399.25
1613629800000,1.20461,1.20465,1.20427,1.20436,564.19
1613630700000,1.20439,1.20459,1.20424,1.20458,514.33
1613631600000,1.20458,1.20469,1.20363,1.20379,1316.83
1613632500000,1.20378,1.20469,1.20371,1.20464,1343.02
1613633400000,1.20462,1.20489,1.20413,1.20483,1827.94
1613634300000,1.20482,1.20524,1.20457,1.20473,2441.89
1613635200000,1.20474,1.20508,1.20448,1.20488,2584.96
1613636100000,1.20489,1.20569,1.20457,1.20556,2142.94
1613637000000,1.20555,1.20612,1.20541,1.20611,1713.69
1613637900000,1.2061,1.20706,1.20608,1.20686,2225.46
1613638800000,1.2069,1.20702,1.20622,1.20656,1630.17
1613639700000,1.20655,1.20696,1.20641,1.20663,1415.83
1613640600000,1.20664,1.20715,1.20643,1.20696,2292.6
1613641500000,1.20695,1.20752,1.20674,1.20735,2310.61
1613642400000,1.20735,1.20735,1.20669,1.20679,1550.18
1613643300000,1.20677,1.20689,1.20643,1.20647,1782.07
1613644200000,1.20647,1.20663,1.20629,1.20641,1926.38
1613645100000,1.20641,1.20684,1.20625,1.20666,1629.53
1613646000000,1.20666,1.20721,1.20645,1.2068,2210.37
1613646900000,1.20679,1.20732,1.20653,1.20721,2047.21
1613647800000,1.20722,1.20732,1.20668,1.2069,1375.77
1613648700000,1.2069,1.20737,1.20688,1.2072,1805
1613649600000,1.20719,1.20723,1.20643,1.20664,2275.44
1613650500000,1.20665,1.20692,1.20624,1.20685,1109.42
1613651400000,1.20685,1.20757,1.20659,1.20751,1847.51
1613652300000,1.20752,1.20848,1.20738,1.20776,3613.67
1613653200000,1.20776,1.20868,1.20759,1.20842,2419.68
1613654100000,1.20844,1.2085,1.20793,1.20825,2063.32
1613655000000,1.20827,1.20898,1.20765,1.20857,2931.55
1613655900000,1.20856,1.20878,1.20819,1.20846,2545.91
1613656800000,1.20847,1.20864,1.2074,1.20775,3383.31
1613657700000,1.20774,1.20808,1.20754,1.20754,2843.68
1613658600000,1.20756,1.20827,1.20706,1.20766,4090.35
1613659500000,1.20764,1.20783,1.20675,1.20703,2869.4
1613660400000,1.20703,1.20754,1.2067,1.20676,3787.41
1613661300000,1.20677,1.20687,1.2062,1.20678,3172.52
1613662200000,1.20678,1.20804,1.2066,1.2078,2662.78
1613663100000,1.20781,1.2084,1.20707,1.20722,2975.66
1613664000000,1.20722,1.20774,1.20705,1.20754,1922.9
1613664900000,1.20751,1.20827,1.2074,1.20774,1659.24
1613665800000,1.20772,1.20777,1.20749,1.20752,1018.33
1613666700000,1.20751,1.20797,1.2074,1.20772,1028.21
1613667600000,1.20773,1.20803,1.20758,1.20793,1593.67
1613668500000,1.20792,1.20802,1.20782,1.20793,960.58
1613669400000,1.20793,1.20827,1.20787,1.20824,670.13
1613670300000,1.20823,1.20841,1.20813,1.20818,853.88
1613671200000,1.20818,1.20839,1.20796,1.20804,787.93
1613672100000,1.20806,1.20822,1.20796,1.20818,970.49
1613673000000,1.20818,1.2086,1.20817,1.20849,549.11
1613673900000,1.20849,1.20855,1.20802,1.20804,606.03
1613674800000,1.20806,1.20864,1.20806,1.20861,665.13
1613675700000,1.20862,1.20882,1.20847,1.20876,550.41
1613676600000,1.20875,1.2089,1.20851,1.20859,612.58
1613677500000,1.20857,1.20871,1.20849,1.20851,571.31
1613678400000,1.20849,1.20888,1.20846,1.20884,440.35
1613679300000,1.20883,1.2093,1.2088,1.20905,496.17
1613680200000,1.20904,1.20929,1.20899,1.20916,620.4
1613681100000,1.20911,1.20927,1.20905,1.20914,504.19
1613682000000,1.20914,1.20934,1.20904,1.20932,328.5
1613682900000,1.20932,1.20945,1.20923,1.20926,292.83
1613683800000,1.20927,1.20939,1.20925,1.20938,221.51
1613684700000,1.20937,1.20943,1.20907,1.20908,481.82
1613685600000,1.20908,1.20928,1.20856,1.20909,306.6
1613686500000,1.20908,1.2092,1.20907,1.20913,40.81
1613687400000,1.20914,1.20916,1.20902,1.20913,197.75
1613688300000,1.20911,1.20921,1.20903,1.20903,146.92
1613689200000,1.20909,1.20952,1.20906,1.20951,442.61
1613690100000,1.2095,1.20958,1.20944,1.20946,380.61
1613691000000,1.20945,1.20949,1.20931,1.20933,246.38
1613691900000,1.20932,1.20936,1.20903,1.20917,233.69
1613692800000,1.20917,1.20927,1.20897,1.20917,496.11
1613693700000,1.20916,1.20938,1.20894,1.20899,438.68
1613694600000,1.209,1.20908,1.20876,1.20907,618.36
1613695500000,1.20908,1.20985,1.20906,1.20972,671.91
1613696400000,1.20973,1.20981,1.20917,1.20927,1149.54
1613697300000,1.20927,1.20939,1.20911,1.20913,751.58
1613698200000,1.20913,1.20916,1.20864,1.20866,1148.22
1613699100000,1.20864,1.20892,1.20862,1.20877,438.68
1613700000000,1.20878,1.20882,1.20842,1.20853,865.64
1613700900000,1.20852,1.20861,1.20823,1.20854,567.61
1613701800000,1.20854,1.20869,1.20824,1.20862,745.93
1613702700000,1.20863,1.20873,1.20837,1.20861,955.55
1613703600000,1.20862,1.20865,1.20834,1.20852,731.99
1613704500000,1.20854,1.20868,1.20835,1.20857,493.69
1613705400000,1.20858,1.2086,1.20843,1.20854,262.2
1613706300000,1.20853,1.20856,1.20841,1.20847,389.77
1613707200000,1.20846,1.2088,1.20839,1.20873,384.68
1613708100000,1.20873,1.20898,1.20873,1.20891,316.77
1613709000000,1.2089,1.2091,1.20881,1.20909,303.27
1613709900000,1.20909,1.20939,1.20902,1.20929,819.01
1613710800000,1.20929,1.20936,1.20912,1.20924,882.8
1613711700000,1.20923,1.20933,1.20911,1.20929,258.56
1613712600000,1.20928,1.20962,1.20926,1.20942,508.93
1613713500000,1.20941,1.20956,1.20928,1.20942,513.23
1613714400000,1.2094,1.20977,1.20939,1.20974,457.03
1613715300000,1.20975,1.20995,1.20954,1.20968,516.38
1613716200000,1.20969,1.20978,1.20942,1.20948,827.48
1613717100000,1.20947,1.20962,1.20938,1.20952,661.4
1613718000000,1.20952,1.20988,1.20904,1.20988,1420.35
1613718900000,1.20987,1.21068,1.20982,1.21019,1856.92
1613719800000,1.21018,1.2105,1.20995,1.21038,1235.16
1613720700000,1.21037,1.21136,1.21036,1.21094,1685.48
1613721600000,1.21093,1.21142,1.21086,1.21096,2091.28
1613722500000,1.21103,1.21175,1.21089,1.21166,1577.97
1613723400000,1.21166,1.21308,1.21155,1.21248,4584.66
1613724300000,1.21248,1.21336,1.21247,1.21324,2680.86
1613725200000,1.21324,1.21341,1.21273,1.21306,2142.58
1613726100000,1.21305,1.2136,1.21293,1.21347,2042.87
1613727000000,1.21349,1.21413,1.21336,1.21358,2080.08
1613727900000,1.21364,1.21372,1.21314,1.21338,1986.28
1613728800000,1.21337,1.21359,1.21286,1.21325,3635.62
1613729700000,1.21323,1.21395,1.21323,1.21377,1765.8
1613730600000,1.21374,1.21416,1.21356,1.21397,1138.71
1613731500000,1.21396,1.21438,1.21384,1.2143,1724.1
1613732400000,1.21432,1.21444,1.21379,1.21394,1714.43
1613733300000,1.21394,1.2142,1.21374,1.2139,2024.02
1613734200000,1.21389,1.21392,1.21339,1.21343,1899.07
1613735100000,1.21344,1.21392,1.21332,1.21379,1291.98
1613736000000,1.21379,1.21381,1.21339,1.21366,1373.81
1613736900000,1.21365,1.21381,1.21319,1.21379,1636.47
1613737800000,1.21378,1.21417,1.2132,1.2132,3525.46
1613738700000,1.21326,1.21372,1.21326,1.21362,2218.15
1613739600000,1.21365,1.21425,1.2132,1.21381,3039.39
1613740500000,1.21383,1.21396,1.2128,1.21287,3725.57
1613741400000,1.21285,1.21316,1.2126,1.21281,2696.56
1613742300000,1.21283,1.21337,1.21271,1.21305,2227.87
1613743200000,1.21305,1.21322,1.21233,1.21237,3636.12
1613744100000,1.21238,1.21253,1.21186,1.2119,1912.71
1613745000000,1.21188,1.21226,1.21172,1.21219,2243.27
1613745900000,1.21218,1.21261,1.21211,1.21259,2058.34
1613746800000,1.21259,1.21261,1.21188,1.21239,2132.8
1613747700000,1.21239,1.21318,1.21228,1.21313,1608.34
1613748600000,1.21312,1.21336,1.21269,1.21275,1912.95
1613749500000,1.21279,1.21333,1.21239,1.21281,1783.46
1613750400000,1.21279,1.21311,1.21226,1.21311,1472.51
1613751300000,1.2131,1.21361,1.21278,1.21354,1442.71
1613752200000,1.21353,1.214,1.21349,1.21361,1576.46
1613753100000,1.2136,1.21368,1.21333,1.21359,969.77
1613754000000,1.21358,1.21375,1.21329,1.21362,833.66
1613754900000,1.21364,1.2137,1.21296,1.21297,1325.06
1613755800000,1.21298,1.21321,1.21251,1.21271,935.91
1613756700000,1.21268,1.21272,1.21221,1.21269,1466.55
1613757600000,1.21269,1.21276,1.21158,1.21166,1440.07
1613758500000,1.21166,1.21174,1.21085,1.21101,1149
1613759400000,1.21103,1.2113,1.21077,1.21099,940.59
1613760300000,1.211,1.21132,1.21097,1.21111,833.76
1613761200000,1.2111,1.21144,1.21105,1.21143,915.7
1613762100000,1.21144,1.21148,1.21119,1.21129,843.74
1613763000000,1.21129,1.21133,1.21111,1.21127,419.02
1613763900000,1.21124,1.21167,1.21123,1.21154,812.17
1613764800000,1.21154,1.21183,1.21146,1.21178,553.44
1613765700000,1.21179,1.2119,1.21162,1.21189,700.66
1613766600000,1.21189,1.21195,1.21172,1.21183,461.96
1613767500000,1.21182,1.2119,1.21155,1.21166,668.385
1613768400000,1.21166,1.21168,1.21143,1.21143,701.69
1613769300000,1.21141,1.21175,1.2114,1.21172,229.76
1613770200000,1.21172,1.21173,1.21156,1.2116,267.95
1613771100000,1.21158,1.21186,1.21158,1.21167,2121.98
1613944800000,1.21151,1.21256,1.21141,1.21219,1054.57
1613945700000,1.21226,1.21226,1.21202,1.21202,103.11
1613946600000,1.21213,1.2122,1.21196,1.21218,550.24
1613947500000,1.21211,1.21221,1.21193,1.21212,379.4
1613948400000,1.21212,1.21249,1.21207,1.21214,1129.77
1613949300000,1.2121,1.2121,1.21158,1.21165,762.63
1613950200000,1.21167,1.2124,1.21148,1.2123,781.26
1613951100000,1.21233,1.21292,1.21233,1.21247,728.64
1613952000000,1.21246,1.21258,1.21204,1.21257,674.85
1613952900000,1.21256,1.21261,1.2123,1.21238,520.29
1613953800000,1.21239,1.2131,1.21239,1.21273,573.59
1613954700000,1.21273,1.21273,1.2123,1.21235,888.95
1613955600000,1.21233,1.21281,1.21233,1.21278,824.56
1613956500000,1.21279,1.21355,1.21275,1.21339,1371.12
1613957400000,1.21338,1.21338,1.21296,1.21306,855.58
1613958300000,1.21307,1.21313,1.21263,1.21264,1148.2
1613959200000,1.21263,1.21291,1.21208,1.21223,791.55
1613960100000,1.21222,1.21229,1.2117,1.21192,1162.58
1613961000000,1.21193,1.212,1.21167,1.21172,1255.37
1613961900000,1.21173,1.21207,1.21124,1.212,1492.69
1613962800000,1.212,1.21204,1.21163,1.21188,815.64
1613963700000,1.2119,1.21204,1.21174,1.21178,769.38
1613964600000,1.21177,1.21195,1.21159,1.21188,713.58
1613965500000,1.21189,1.21206,1.2118,1.21196,530.27
1613966400000,1.21199,1.21218,1.21199,1.21216,375.41
1613967300000,1.21215,1.21232,1.21211,1.2123,379.46
1613968200000,1.2123,1.21236,1.21223,1.21231,413.76
1613969100000,1.21231,1.21234,1.21193,1.21205,543.86
1613970000000,1.21206,1.21215,1.21188,1.21202,451.83
1613970900000,1.21202,1.21222,1.21184,1.21222,542.42
1613971800000,1.21222,1.21231,1.21205,1.21208,758.52
1613972700000,1.21207,1.21216,1.212,1.21202,396.62
1613973600000,1.21204,1.21219,1.21193,1.21215,418.15
1613974500000,1.21215,1.21237,1.2121,1.2123,298.01
1613975400000,1.2123,1.21242,1.21194,1.21198,872.27
1613976300000,1.21199,1.21204,1.21188,1.21195,365.29
1613977200000,1.21193,1.21193,1.21115,1.21127,2077.91
1613978100000,1.21126,1.21127,1.21052,1.21082,2296.47
1613979000000,1.2108,1.21119,1.21059,1.21099,1925.27
1613979900000,1.21098,1.21112,1.21052,1.21096,2439.96
1613980800000,1.21095,1.21236,1.21086,1.21196,3928.48
1613981700000,1.21198,1.21198,1.21008,1.21009,3437.11
1613982600000,1.21007,1.21007,1.20922,1.20928,3499.05
1613983500000,1.20927,1.21022,1.20911,1.21001,2788.94
1613984400000,1.21001,1.21062,1.20976,1.21053,3358.32
1613985300000,1.21053,1.21133,1.21015,1.21074,1984.61
1613986200000,1.21073,1.2117,1.2107,1.21106,2688.42
1613987100000,1.21106,1.2112,1.21032,1.21081,1656.39
1613988000000,1.2108,1.21169,1.21077,1.21163,992.9
1613988900000,1.21163,1.21211,1.21153,1.21185,842.14
1613989800000,1.21183,1.21349,1.21178,1.21326,1579.76
1613990700000,1.21323,1.21326,1.21277,1.21291,1372.44
1613991600000,1.21292,1.21326,1.2126,1.21322,1298.15
1613992500000,1.21319,1.21443,1.21277,1.21374,1691.77
1613993400000,1.21374,1.21432,1.21357,1.21404,2508.64
1613994300000,1.21405,1.21436,1.21347,1.21366,1730.35
1613995200000,1.21365,1.21383,1.21338,1.2137,2028.92
1613996100000,1.21371,1.21407,1.2134,1.2136,1114.64
1613997000000,1.21359,1.21385,1.21314,1.21322,1616.73
1613997900000,1.21324,1.2138,1.21317,1.21363,1721.13
1613998800000,1.21366,1.21392,1.21293,1.21326,3083.16
1613999700000,1.21332,1.21362,1.21305,1.21324,2148.77
1614000600000,1.21322,1.21489,1.21317,1.21485,2497.45
1614001500000,1.21486,1.21542,1.21456,1.21473,2447.82
1614002400000,1.21472,1.21493,1.21408,1.21425,2092.6
1614003300000,1.21425,1.2146,1.21372,1.2145,2130.58
1614004200000,1.21451,1.2146,1.2129,1.21422,4927.57
1614005100000,1.21425,1.21473,1.21385,1.21459,2969.68
1614006000000,1.21457,1.21541,1.21429,1.21525,3235.19
1614006900000,1.21523,1.21523,1.21429,1.21485,4112
1614007800000,1.21486,1.21491,1.21434,1.2148,2868.84
1614008700000,1.21482,1.21487,1.21337,1.21387,3096.58
1614009600000,1.21389,1.21463,1.21352,1.2146,2783.61
1614010500000,1.2146,1.21504,1.21412,1.21486,2150.57
1614011400000,1.21487,1.21506,1.2145,1.21502,1764.8
1614012300000,1.21501,1.21563,1.21491,1.21546,1696.54
1614013200000,1.21548,1.21609,1.21532,1.21577,2084.34
1614014100000,1.21577,1.21635,1.21574,1.21633,1358.79
1614015000000,1.21633,1.21673,1.21631,1.21654,966.73
1614015900000,1.21655,1.21676,1.21648,1.21652,1166.43
1614016800000,1.21651,1.21655,1.21634,1.21645,713.4
1614017700000,1.21647,1.21666,1.21634,1.21639,940.49
1614018600000,1.21639,1.21693,1.21638,1.21686,620.88
1614019500000,1.21686,1.2169,1.21653,1.21654,799.92
1614020400000,1.21655,1.21675,1.21646,1.2167,479.06
1614021300000,1.21671,1.21685,1.21661,1.21678,762.14
1614022200000,1.21679,1.21685,1.21654,1.2168,514.71
1614023100000,1.21681,1.2169,1.21655,1.21674,842.59
1614024000000,1.21674,1.21674,1.21591,1.21594,823.38
1614024900000,1.21596,1.21609,1.21562,1.21579,749.21
1614025800000,1.21579,1.21585,1.21548,1.21567,507.6
1614026700000,1.21568,1.21569,1.21512,1.21513,1126.385
1614027600000,1.21512,1.21533,1.21505,1.21527,396.01
1614028500000,1.21529,1.21547,1.21518,1.21542,155.67
1614029400000,1.21544,1.2155,1.2153,1.21533,240.69
1614030300000,1.21533,1.21588,1.21531,1.21551,566.44
1614031200000,1.21551,1.21589,1.21551,1.21576,38.86
1614032100000,1.21576,1.21606,1.21573,1.21574,71.17
1614033000000,1.21579,1.21603,1.21572,1.21597,262.3
1614033900000,1.21598,1.21607,1.21579,1.21593,234.72
1614034800000,1.21593,1.21646,1.21577,1.21631,732.3
1614035700000,1.21631,1.21669,1.21608,1.21661,470.6
1614036600000,1.21661,1.21666,1.21648,1.2166,463.54
1614037500000,1.2166,1.21664,1.21637,1.21638,511.99
1614038400000,1.21637,1.21649,1.21621,1.21637,581.2
1614039300000,1.21637,1.21667,1.21637,1.21647,497.44
1614040200000,1.21646,1.21658,1.21625,1.21657,369.7
1614041100000,1.21658,1.21727,1.21656,1.21704,757.21
1614042000000,1.21707,1.21716,1.21638,1.21656,1124.16
1614042900000,1.21656,1.21721,1.21646,1.21691,694.78
1614043800000,1.2169,1.21752,1.21686,1.2175,948.84
1614044700000,1.2175,1.2177,1.21741,1.21756,1085.52
1614045600000,1.21757,1.21771,1.21725,1.21736,865.35
1614046500000,1.21736,1.21744,1.21715,1.21724,638.89
1614047400000,1.21722,1.21752,1.21719,1.21731,456.64
1614048300000,1.21733,1.21741,1.21688,1.21699,863.78
1614049200000,1.21699,1.21706,1.21659,1.21667,687.47
1614050100000,1.21663,1.21676,1.21646,1.21667,556.45
1614051000000,1.21669,1.21686,1.21658,1.21668,324.35
1614051900000,1.21667,1.21674,1.21654,1.21668,327.38
1614052800000,1.21668,1.2168,1.21659,1.2168,370.94
1614053700000,1.21681,1.21685,1.21666,1.21675,250.1
1614054600000,1.21676,1.21699,1.21676,1.21692,293.33
1614055500000,1.21691,1.21719,1.2168,1.21718,293.1
1614056400000,1.21718,1.21727,1.21709,1.21716,531.09
1614057300000,1.21716,1.2172,1.21706,1.21717,275.59
1614058200000,1.21717,1.21719,1.217,1.217,635.91
1614059100000,1.21701,1.21712,1.21691,1.21701,475.53
1614060000000,1.217,1.21705,1.21659,1.21665,599.58
1614060900000,1.21666,1.21671,1.21626,1.21659,700.33
1614061800000,1.21658,1.21677,1.21655,1.21666,491.61
1614062700000,1.21666,1.21716,1.21662,1.21704,461.11
1614063600000,1.21706,1.21742,1.21681,1.21729,1624.08
1614064500000,1.21728,1.21747,1.21681,1.21707,1420.33
1614065400000,1.21706,1.21762,1.21696,1.21754,870.6
1614066300000,1.21755,1.21801,1.21697,1.21701,1559.26
1614067200000,1.217,1.21738,1.21615,1.21652,3209.83
1614068100000,1.21653,1.2167,1.2159,1.21617,1495.37
1614069000000,1.21618,1.21622,1.21545,1.21582,2109.96
1614069900000,1.21581,1.21603,1.21538,1.21588,1311.3
1614070800000,1.21588,1.21589,1.21508,1.21512,2025.01
1614071700000,1.2151,1.21541,1.21492,1.21541,2030
1614072600000,1.21544,1.21572,1.21497,1.21502,2121.92
1614073500000,1.21503,1.21529,1.21452,1.2149,2881.59
1614074400000,1.2149,1.21516,1.21461,1.21503,2530.11
1614075300000,1.21504,1.21545,1.21462,1.21522,2469.73
1614076200000,1.21522,1.21528,1.21435,1.21482,2366.52
1614077100000,1.21482,1.21518,1.21463,1.21468,1711.55
1614078000000,1.21468,1.21499,1.21433,1.21485,1857.17
1614078900000,1.21484,1.21509,1.21446,1.21503,1541.6
1614079800000,1.21503,1.21526,1.21473,1.21516,1340.78
1614080700000,1.21517,1.21557,1.21494,1.21538,1327.38
1614081600000,1.21538,1.2158,1.21512,1.21556,1522.65
1614082500000,1.21554,1.21565,1.21514,1.21552,1453.31
1614083400000,1.21554,1.21571,1.21497,1.21508,1501.56
1614084300000,1.21508,1.21513,1.21353,1.21425,2040.67
1614085200000,1.21424,1.21442,1.21402,1.21427,2502.77
1614086100000,1.21429,1.21472,1.21421,1.21469,1728.58
1614087000000,1.2147,1.2147,1.21399,1.21439,1671.07
1614087900000,1.2144,1.21508,1.2144,1.21492,1610.33
1614088800000,1.21492,1.21507,1.2146,1.21492,1823.01
1614089700000,1.21492,1.21538,1.21482,1.21519,1697.86
1614090600000,1.21518,1.21518,1.21406,1.2142,3422.99
1614091500000,1.21419,1.21426,1.21353,1.21421,3264.71
1614092400000,1.2142,1.21584,1.21366,1.2148,4586.08
1614093300000,1.21479,1.21594,1.21435,1.21591,4059.28
1614094200000,1.2159,1.21664,1.21578,1.21641,3529.01
1614095100000,1.21639,1.21657,1.21516,1.21593,3012.43
1614096000000,1.21592,1.21663,1.21583,1.21599,2242.41
1614096900000,1.21601,1.21611,1.21555,1.21581,2181.7
1614097800000,1.21585,1.21589,1.21512,1.21514,1843.79
1614098700000,1.21513,1.21515,1.21415,1.21415,1892.19
1614099600000,1.21414,1.21458,1.21412,1.21449,1802.58
1614100500000,1.21447,1.21502,1.21445,1.21486,1418.22
1614101400000,1.21485,1.21502,1.21422,1.21453,1676.24
1614102300000,1.21452,1.21503,1.21447,1.21459,1560.45
1614103200000,1.21458,1.21498,1.2145,1.21488,1442.37
1614104100000,1.21488,1.21519,1.21475,1.21501,1004.43
1614105000000,1.215,1.21529,1.21497,1.21502,885.86
1614105900000,1.21503,1.2155,1.21491,1.21534,1030.17
1614106800000,1.21531,1.2156,1.21529,1.21549,766.77
1614107700000,1.2155,1.2157,1.21541,1.21566,886.36
1614108600000,1.21567,1.21574,1.21482,1.21482,1324.19
1614109500000,1.21482,1.21488,1.21426,1.21441,1173.91
1614110400000,1.21442,1.21461,1.21416,1.21458,696.62
1614111300000,1.21456,1.21489,1.21453,1.21487,521.23
1614112200000,1.21485,1.21494,1.21468,1.21488,754.97
1614113100000,1.21488,1.21505,1.2147,1.2147,823.63
1614114000000,1.21471,1.2148,1.21448,1.21473,374.755
1614114900000,1.21472,1.21475,1.21431,1.21431,260.52
1614115800000,1.21432,1.21462,1.21432,1.21454,156.76
1614116700000,1.21454,1.21501,1.21454,1.21493,703.16
1614117600000,1.21493,1.21523,1.2148,1.21484,120.33
1614118500000,1.21489,1.21538,1.21483,1.21486,155.55
1614119400000,1.21483,1.21515,1.21481,1.21495,309.42
1614120300000,1.215,1.21533,1.21479,1.21491,294.69
1614121200000,1.21488,1.21518,1.21459,1.21474,475.3
1614122100000,1.21474,1.21498,1.21428,1.21474,502.46
1614123000000,1.21472,1.21549,1.21468,1.21529,431.64
1614123900000,1.21529,1.21529,1.21506,1.21506,205.17
1614124800000,1.21506,1.21542,1.2149,1.21542,1144.27
1614125700000,1.21541,1.21569,1.21533,1.21564,581.9
1614126600000,1.21565,1.21572,1.21535,1.2157,814.64
1614127500000,1.21572,1.21579,1.21536,1.21548,862.14
1614128400000,1.21548,1.2162,1.21519,1.21604,2287.2
1614129300000,1.21605,1.21637,1.21473,1.21584,2792.6
1614130200000,1.21584,1.21593,1.21548,1.21578,1530.07
1614131100000,1.2158,1.21662,1.21574,1.21584,1594.96
1614132000000,1.21584,1.21621,1.21579,1.21599,1685.11
1614132900000,1.216,1.21608,1.21579,1.21591,1025.87
1614133800000,1.21591,1.21599,1.21535,1.21555,1074.2
1614134700000,1.21555,1.21559,1.21512,1.21556,881.34
1614135600000,1.21556,1.21569,1.21524,1.21556,870.5
1614136500000,1.21556,1.21568,1.21546,1.21559,754.81
1614137400000,1.21561,1.21566,1.21525,1.21549,1014.02
1614138300000,1.21551,1.21551,1.21503,1.21519,1455.79
1614139200000,1.2152,1.21523,1.21497,1.21511,753.09
1614140100000,1.21511,1.21516,1.21496,1.2151,787.18
1614141000000,1.21511,1.21514,1.21495,1.21498,439.84
1614141900000,1.21499,1.21501,1.21475,1.21486,532.47
1614142800000,1.21485,1.21487,1.21453,1.21454,751.05
1614143700000,1.21454,1.21482,1.21454,1.21475,815.65
1614144600000,1.21474,1.21483,1.21458,1.2148,863.62
1614145500000,1.21481,1.21481,1.21459,1.2148,599.4
1614146400000,1.21478,1.21485,1.21454,1.21477,739.56
1614147300000,1.21477,1.21526,1.2144,1.21517,1116.04
1614148200000,1.21517,1.21557,1.21507,1.21554,1074.23
1614149100000,1.21553,1.21574,1.21533,1.21567,772.85
1614150000000,1.21568,1.21595,1.21547,1.2159,1890.56
1614150900000,1.21591,1.21593,1.21528,1.21556,1476.72
1614151800000,1.21555,1.21607,1.2154,1.21586,1331.67
1614152700000,1.21587,1.21597,1.21532,1.21554,1225.05
1614153600000,1.21555,1.21644,1.2153,1.21572,2803.17
1614154500000,1.21573,1.21654,1.21522,1.21623,2678.47
1614155400000,1.21623,1.21745,1.21615,1.21626,4187.23
1614156300000,1.21625,1.21697,1.21624,1.21683,3309.27
1614157200000,1.21682,1.21689,1.21623,1.21675,3355.17
1614158100000,1.21673,1.21745,1.21664,1.21705,2153.37
1614159000000,1.21704,1.21722,1.21588,1.2162,1817.75
1614159900000,1.2162,1.21643,1.21592,1.21627,1925.72
1614160800000,1.21625,1.21651,1.21573,1.21582,1966.75
1614161700000,1.21582,1.21586,1.21499,1.21502,1434.49
1614162600000,1.21505,1.21565,1.21498,1.21565,1836.7
1614163500000,1.21565,1.21585,1.21541,1.21581,1324.21
1614164400000,1.21579,1.21613,1.21561,1.21613,1629.84
1614165300000,1.21613,1.21649,1.21576,1.2164,1288.18
1614166200000,1.2164,1.21653,1.21608,1.21627,1252.92
1614167100000,1.21627,1.21696,1.21622,1.21632,1443.6
1614168000000,1.21631,1.21677,1.21619,1.21658,2095.64
1614168900000,1.2166,1.21723,1.21658,1.21709,1723.4
1614169800000,1.2171,1.21711,1.21628,1.21649,2078.06
1614170700000,1.21651,1.21662,1.2154,1.21558,2112.52
1614171600000,1.21557,1.21575,1.2141,1.21456,3538.05
1614172500000,1.21456,1.21456,1.21305,1.2139,4146.6199
1614173400000,1.21389,1.2148,1.21334,1.21351,3164.73
1614174300000,1.2135,1.21381,1.21232,1.21333,4902.5
1614175200000,1.21331,1.21387,1.21307,1.21382,3223.06
1614176100000,1.21382,1.21382,1.21303,1.21311,3459.16
1614177000000,1.21312,1.21365,1.21289,1.21347,4471.93
1614177900000,1.21348,1.21361,1.21294,1.2132,2902.46
1614178800000,1.21319,1.21348,1.21104,1.21141,4317.54
1614179700000,1.21141,1.21276,1.21092,1.21244,3843.95
1614180600000,1.21243,1.21257,1.21175,1.21206,4087.65
1614181500000,1.21205,1.21246,1.21132,1.21221,3648.5
1614182400000,1.21221,1.21305,1.21211,1.2129,2940.2
1614183300000,1.21288,1.21389,1.21261,1.21348,2525.95
1614184200000,1.21349,1.21391,1.21321,1.21323,2287.47
1614185100000,1.21325,1.21429,1.21321,1.21415,2127.09
1614186000000,1.21417,1.21445,1.21398,1.21425,1749.55
1614186900000,1.21426,1.21461,1.21404,1.21447,1148.62
1614187800000,1.21446,1.21461,1.21435,1.21453,1496.46
1614188700000,1.21453,1.21467,1.21413,1.21417,1276.45
1614189600000,1.21416,1.21436,1.21392,1.21417,1572.18
1614190500000,1.21418,1.21461,1.21391,1.2146,1599.38
1614191400000,1.21459,1.21493,1.21442,1.21485,1757.86
1614192300000,1.21485,1.21485,1.21439,1.21447,955.78
1614193200000,1.21446,1.21478,1.21428,1.21468,1426.82
1614194100000,1.21466,1.21497,1.21448,1.21495,937.72
1614195000000,1.21496,1.21506,1.21482,1.21486,1290.19
1614195900000,1.21486,1.21488,1.2146,1.21479,997.25
1614196800000,1.21476,1.21564,1.21473,1.21564,1747.59
1614197700000,1.21566,1.21602,1.21544,1.21597,862.7
1614198600000,1.21595,1.21677,1.21592,1.21669,1146.09
1614199500000,1.21668,1.2169,1.21647,1.21662,1386.73
1614200400000,1.21665,1.21696,1.2162,1.21693,681.67
1614201300000,1.21692,1.21724,1.21692,1.21709,391.67
1614202200000,1.21711,1.21743,1.21673,1.2168,823.58
1614203100000,1.21681,1.21705,1.21664,1.21664,763.98
1614204000000,1.2163,1.21722,1.2163,1.21679,211.7925
1614204900000,1.21679,1.21682,1.21633,1.21633,349.45
1614205800000,1.21635,1.21673,1.21603,1.21635,424.8125
1614206700000,1.21635,1.21671,1.21622,1.21647,286.38
1614207600000,1.21649,1.21674,1.21637,1.21652,1458.09
1614208500000,1.21652,1.21681,1.21652,1.21674,342.24
1614209400000,1.21673,1.21695,1.21672,1.21694,217.42
1614210300000,1.21693,1.2171,1.2169,1.21693,335.96
1614297600000,1.21579,1.21671,1.21563,1.21573,2467.32
1614298500000,1.21571,1.21578,1.21372,1.21418,3330.59
1614299400000,1.21418,1.21566,1.21383,1.21531,2607.98
1614300300000,1.21531,1.21583,1.21499,1.21574,2514.24
1614301200000,1.21573,1.21639,1.21522,1.21537,2574.45
1614302100000,1.21539,1.21587,1.2151,1.21536,2005.56
1614303000000,1.21537,1.21617,1.21521,1.21595,1559.78
1614303900000,1.21594,1.21651,1.2158,1.21637,1558.15
1614304800000,1.21636,1.21729,1.2162,1.21719,1409.03
1614305700000,1.21719,1.21826,1.21707,1.21793,1502.43
1614306600000,1.21794,1.21818,1.21743,1.21752,1404.63
1614307500000,1.21752,1.21789,1.21721,1.21723,1344.37
1614308400000,1.21724,1.21752,1.21707,1.21747,1070.11
1614309300000,1.21748,1.21756,1.2168,1.21692,1385.36
1614310200000,1.21692,1.21698,1.21641,1.21643,1303.4
1614311100000,1.21643,1.21649,1.21594,1.21595,1410.61
1614312000000,1.21597,1.21612,1.21543,1.21558,1334.63
1614312900000,1.21556,1.21578,1.21534,1.2154,1413.64
1614313800000,1.21541,1.21543,1.21469,1.21469,1269.44
1614314700000,1.21469,1.21552,1.2145,1.21548,1340.73
1614315600000,1.21549,1.21581,1.21534,1.2158,1641.39
1614316500000,1.2158,1.21595,1.21547,1.21575,1376.91
1614317400000,1.21575,1.21579,1.21522,1.21523,1525
1614318300000,1.21522,1.21574,1.21491,1.21536,1485.34
1614319200000,1.21536,1.21557,1.21516,1.21552,1495.99
1614320100000,1.21551,1.21594,1.21548,1.2157,1301.69
1614321000000,1.21568,1.21586,1.21522,1.21571,2358.32
1614321900000,1.2157,1.21575,1.2147,1.21545,2296.1
1614322800000,1.21543,1.21552,1.21378,1.21402,5722.8201
1614323700000,1.21401,1.21451,1.21377,1.21389,3724.35
1614324600000,1.21387,1.214,1.21288,1.21317,3512.64
1614325500000,1.2132,1.2139,1.2131,1.21347,3362.3
1614326400000,1.21346,1.21461,1.21333,1.21445,4650.98
1614327300000,1.21444,1.21562,1.21431,1.21543,3148.49
1614328200000,1.21541,1.21594,1.21484,1.21526,3812.72
1614329100000,1.21524,1.21546,1.21454,1.21494,2572.02
1614330000000,1.21492,1.21507,1.2139,1.21398,2845.02
1614330900000,1.21399,1.21432,1.21357,1.21386,3138.05
1614331800000,1.21385,1.21448,1.21359,1.21389,2461.19
1614332700000,1.21389,1.2139,1.21227,1.21251,3805.31
1614333600000,1.21252,1.21291,1.21161,1.21192,5014.48
1614334500000,1.21192,1.21255,1.21148,1.21235,4921.35
1614335400000,1.21236,1.21282,1.21228,1.21262,3154.49
1614336300000,1.21262,1.21267,1.21137,1.21138,4605.7001
1614337200000,1.21139,1.21239,1.21102,1.21123,5606.27
1614338100000,1.21124,1.21155,1.20984,1.2105,5754.0799
1614339000000,1.2105,1.21052,1.20925,1.21005,5640.93
1614339900000,1.21005,1.21084,1.20964,1.21068,4784.22
1614340800000,1.21069,1.21114,1.2103,1.21067,4621.38
1614341700000,1.21068,1.21163,1.21061,1.21148,3867.45
1614342600000,1.21148,1.21214,1.21112,1.21155,5120.01
1614343500000,1.21155,1.2122,1.21135,1.21146,4254.84
1614344400000,1.21145,1.21204,1.21056,1.21202,6645.13
1614345300000,1.21204,1.21221,1.21082,1.21092,4635.33
1614346200000,1.21092,1.21249,1.21087,1.21222,5255.66
1614347100000,1.21222,1.2125,1.21143,1.21233,4556.68
1614348000000,1.21234,1.21317,1.21215,1.21234,5268.98
1614348900000,1.21233,1.21302,1.21159,1.21301,5395.4999
1614349800000,1.21299,1.21311,1.21215,1.21248,6789.71
1614350700000,1.21249,1.21377,1.21197,1.21245,7375.17
1614351600000,1.21248,1.21253,1.21091,1.21188,9054.08
1614352500000,1.21189,1.21216,1.21138,1.21177,8466.9
1614353400000,1.21177,1.2136,1.21143,1.21358,7872.94
1614354300000,1.21357,1.21413,1.21203,1.21388,9114.87
1614355200000,1.21384,1.21399,1.21085,1.21137,8076.8799
1614356100000,1.21138,1.21176,1.20909,1.20916,6869.97
1614357000000,1.20917,1.2106,1.20909,1.20955,5355.16
1614357900000,1.20952,1.20991,1.20902,1.20916,3933.89
1614358800000,1.20914,1.20939,1.2082,1.2085,4090.1599
1614359700000,1.20851,1.20878,1.20798,1.20811,3146.45
1614360600000,1.20809,1.20828,1.20753,1.2076,2711.46
1614361500000,1.2076,1.20809,1.20735,1.208,2959.53
1614362400000,1.20799,1.208,1.20717,1.20782,3910.06
1614363300000,1.20782,1.20862,1.20757,1.20849,2719
1614364200000,1.20849,1.20851,1.20803,1.20833,2152.36
1614365100000,1.20835,1.20863,1.20801,1.20831,2499.42
1614366000000,1.2083,1.20839,1.20774,1.20786,2607.19
1614366900000,1.20785,1.20855,1.20772,1.2085,1764.47
1614367800000,1.20851,1.20899,1.20842,1.20892,1436.62
1614368700000,1.20891,1.20899,1.20764,1.20777,3428.87
1614369600000,1.20779,1.20792,1.20732,1.20761,2189.3
1614370500000,1.20762,1.20769,1.20726,1.20747,1989.23
1614371400000,1.20746,1.2079,1.2074,1.20762,1894.8
1614372300000,1.2076,1.20764,1.2065,1.20654,2446.96
1614373200000,1.20655,1.20732,1.20621,1.20654,2664.445
1614374100000,1.20655,1.20705,1.20647,1.20698,612.17
1614375000000,1.207,1.20715,1.20689,1.20698,1074.55
1614375900000,1.20697,1.20746,1.20697,1.20704,5913.63